brand,carName,carImg,saleVolume,price,manufacturer,rank,carModel,energyType,marketTime,insure
特斯拉,Model Y,https://p3-dcd.byteimg.com/img/tos-cn-i-dcdx/6180aeadc5934c81906060f03bc651ff~tplv-resize:640:0.png,22537,"[25.89, 36.39]",特斯拉中国,1,中型SUV,纯电动,2024.02,4年或8万公里
特斯拉,Model Y,https://p3-dcd.byteimg.com/img/tos-cn-i-dcdx/6180aeadc5934c81906060f03bc651ff~tplv-resize:640:0.png,22537,"[25.89, 36.39]",特斯拉中国,1,中型SUV,纯电动,2024.02,4年或8万公里
比亚迪,秦PLUS DM-i,https://p3-dcd.byteimg.com/img/tos-cn-i-dcdx/b16feb96960c4b178686faea93e71f3c~tplv-resize:640:0.png,21268,"[7.98, 12.58]",比亚迪,2,紧凑型车,插电式混合动力,2024.02,6年或15万公里
AITO,问界M7,https://p9-dcd.byteimg.com/img/tos-cn-i-dcdx/ec234ea1f5a64f9b940ac268fa562ec4~tplv-resize:640:0.png,21083,"[24.98, 37.98]",赛力斯汽车,3,中大型SUV,增程式,2023.09,4年或10万公里
日产,轩逸,https://p9-dcd.byteimg.com/img/tos-cn-i-dcdx/f5483079e6094fb898c14f3b3d6c1493~tplv-resize:640:0.png,19878,"[7.66, 15.99]",东风日产,4,紧凑型车,汽油,2024.01,3年或10万公里
长安,长安CS75 PLUS,https://p9-dcd.byteimg.com/img/tos-cn-i-dcdx/dec41a8d4fcc422bbb34c1a71dd76a1d~tplv-resize:640:0.png,17303,"[10.29, 15.49]",长安汽车,5,紧凑型SUV,汽油,2023.04,3年或10万公里
比亚迪,海鸥,https://p9-dcd.byteimg.com/img/tos-cn-i-dcdx/af600c6bd2844b1fa774fd19a23466da~tplv-resize:640:0.png,14403,"[6.98, 8.58]",比亚迪,6,小型车,纯电动,2024.03,6年或15万公里
大众,朗逸,https://p9-dcd.byteimg.com/img/motor-mis-img/28d677a5f94a5a24103f088dd94c8515~tplv-resize:640:0.png,14400,"[7.39, 12.69]",上汽大众,7,紧凑型车,汽油,2023.09,3年或10万公里
大众,速腾,https://p3-dcd.byteimg.com/img/motor-mis-img/44c013067df2032cc03b6031eb68bf05~tplv-resize:640:0.png,14209,"[9.99, 14.49]",一汽-大众,8,紧凑型车,汽油,2022.06,3年或10万公里
五菱汽车,五菱宏光MINIEV,https://p9-dcd.byteimg.com/img/tos-cn-i-dcdx/287e133f10e1402386d901c399885fbf~tplv-resize:640:0.png,12649,"[3.18, 9.89]",上汽通用五菱,9,微型车,纯电动,2023.11,3年或12万公里
大众,帕萨特,https://p3-dcd.byteimg.com/img/tos-cn-i-dcdx/c9ddb9ea9b9047029212858b14caba31~tplv-resize:640:0.png,11641,"[15.19, 22.29]",上汽大众,10,中型车,汽油,2023.10,3年或10万公里
奔驰,奔驰GLC,https://p9-dcd.byteimg.com/img/tos-cn-i-dcdx/ced6f5cfd808493d8380351b584516c2~tplv-resize:640:0.png,11435,"[35.98, 46.33]",北京奔驰,11,中型SUV,48V轻混系统,2023.09,3年不限公里
奔驰,奔驰C级,https://p9-dcd.byteimg.com/img/motor-mis-img/fd1771f592228d51d414ac0e5fa2469c~tplv-resize:640:0.png,11303,"[23.07, 27.65]",北京奔驰,12,中型车,48V轻混系统,2023.10,3年不限公里
丰田,卡罗拉锐放,https://p9-dcd.byteimg.com/img/motor-mis-img/58d617d55bda2d2a8aeb9b9d0e8ca823~tplv-resize:640:0.png,11017,"[10.38, 15.88]",一汽丰田,13,紧凑型SUV,汽油,2023.05,3年或10万公里
哈弗,哈弗H6,https://p3-dcd.byteimg.com/img/motor-mis-img/418e967314e8e89e55e3b3b359377177~tplv-resize:640:0.png,10848,"[8.39, 13.48]",长城汽车,14,紧凑型SUV,汽油,2023.04,3年或10万公里
丰田,锋兰达,https://p3-dcd.byteimg.com/img/tos-cn-i-dcdx/2e716928f981407b80c5e8772b8141a2~tplv-resize:640:0.png,10774,"[9.88, 15.58]",广汽丰田,15,紧凑型SUV,汽油,2023.03,3年或10万公里
大众,迈腾,https://p9-dcd.byteimg.com/img/motor-mis-img/89991e9322440768e5f67b551d6e7ee5~tplv-resize:640:0.png,10217,"[15.39, 22.09]",一汽-大众,16,中型车,汽油,2022.10,3年或10万公里
大众,途观L,https://p3-dcd.byteimg.com/img/motor-mis-img/8201ed0a4daa11da0ecfc31209187bde~tplv-resize:640:0.png,10214,"[16.17, 22.38]",上汽大众,17,中型SUV,汽油,2023.11,3年或10万公里
吉利汽车,星越L,https://p3-dcd.byteimg.com/img/tos-cn-i-dcdx/e089916842c943ab8277e180dfb3240b~tplv-resize:640:0.png,10138,"[12.72, 17.52]",吉利汽车,18,紧凑型SUV,汽油,2024.01,4年或10万公里
奥迪,奥迪A6L,https://p3-dcd.byteimg.com/img/motor-mis-img/f8250b5672059b6380b04eeeb0d7fe33~tplv-resize:640:0.png,10019,"[33.38, 52.87]",一汽-大众奥迪,19,中大型车,汽油,2023.10,3年或10万公里
宝马,宝马3系,https://p3-dcd.byteimg.com/img/motor-mis-img/b4f69ed40e9e2f4f40a8874ce323e181~tplv-resize:640:0.png,9929,"[23.69, 30.55]",华晨宝马,20,中型车,汽油,2022.08,3年或10万公里
红旗,红旗H5,https://p9-dcd.byteimg.com/img/motor-mis-img/4e5a38bacf99a7c63567e63f3bde1216~tplv-resize:640:0.png,9786,"[15.98, 22.58]",一汽红旗,21,中型车,汽油,2023.08,4年或10万公里
吉利汽车,星瑞,https://p3-dcd.byteimg.com/img/tos-cn-i-dcdx/4fc66389c5644e648c5093b476ccd036~tplv-resize:640:0.png,9746,"[10.57, 13.57]",吉利汽车,22,紧凑型车,汽油,2023.06,4年或10万公里
比亚迪,宋Pro DM-i,https://p9-dcd.byteimg.com/img/tos-cn-i-dcdx/91291cb770c44932a3f6c14feedc82b3~tplv-resize:640:0.png,9386,"[10.98, 13.98]",比亚迪,23,紧凑型SUV,插电式混合动力,2024.03,6年或15万公里
比亚迪,宋PLUS DM-i,https://p9-dcd.byteimg.com/img/tos-cn-i-dcdx/f9d266bdf7d44b418eee09141be33ec0~tplv-resize:640:0.png,9279,"[12.98, 16.98]",比亚迪,24,紧凑型SUV,插电式混合动力,2024.02,6年或15万公里
比亚迪,海豚,https://p9-dcd.byteimg.com/img/tos-cn-i-dcdx/9764f8a4037b4c39b6446a4fa928e266~tplv-resize:640:0.png,9213,"[9.98, 12.98]",比亚迪,25,小型车,纯电动,2024.02,6年或15万公里
奔驰,奔驰E级,https://p9-dcd.byteimg.com/img/tos-cn-i-dcdx/c02aa97643944bed96a20db674f0fcb6~tplv-resize:640:0.png,8900,"[33.91, 50.98]",北京奔驰,26,中大型车,48V轻混系统,2023.12,3年不限公里
长安,逸动,https://p3-dcd.byteimg.com/img/tos-cn-i-dcdx/b754d7190a2740f0a0de783eaf5e439f~tplv-resize:640:0.png,8683,"[5.09, 8.19]",长安汽车,27,紧凑型车,汽油,2023.04,3年或10万公里
理想汽车,理想L7,https://p3-dcd.byteimg.com/img/tos-cn-i-dcdx/d23987ab80044821a6b553acf3e58a03~tplv-resize:640:0.png,8459,"[31.98, 37.98]",理想汽车,28,中大型SUV,增程式,2024.03,5年或10万公里
奇瑞,瑞虎8,https://p9-dcd.byteimg.com/img/tos-cn-i-dcdx/734a4fbac7cf461293613d4f1a478e5b~tplv-resize:640:0.png,8296,"[8.99, 16.29]",奇瑞汽车,29,中型SUV,汽油,2023.10,3年或10万公里
比亚迪,元PLUS,https://p3-dcd.byteimg.com/img/tos-cn-i-dcdx/0a5a6f5f1e4e417f823a51d894fa7345~tplv-resize:640:0.png,8210,"[11.98, 14.78]",比亚迪,30,紧凑型SUV,纯电动,2024.03,6年或15万公里
吉利汽车,帝豪,https://p3-dcd.byteimg.com/img/tos-cn-i-dcdx/e124af9a60a8444b9212fa9b2cbfa278~tplv-resize:640:0.png,8162,"[5.59, 12.98]",吉利汽车,31,紧凑型车,汽油,2023.06,4年或15万公里
五菱汽车,五菱缤果,https://p3-dcd.byteimg.com/img/tos-cn-i-dcdx/c316a4720f1f48da80b558c02a32b01c~tplv-resize:640:0.png,8087,"[5.98, 8.38]",上汽通用五菱,32,小型车,纯电动,2023.03,3年或10万公里
捷途,捷途X70,https://p9-dcd.byteimg.com/img/tos-cn-i-dcdx/9f9edd2f1b8f4ff68538900708783c01~tplv-resize:640:0.png,7828,"[7.79, 16.09]",奇瑞汽车,33,中型SUV,汽油,2023.11,4年或10万公里
五菱汽车,五菱宏光,https://p3-dcd.byteimg.com/img/motor-mis-img/5e5eb3f0b2e232525d8d7f1d44fa55fb~tplv-resize:640:0.png,7726,"[4.6, 6.04]",上汽通用五菱,34,微面,汽油,2022.07,3年或10万公里
奥迪,奥迪Q5L,https://p3-dcd.byteimg.com/img/tos-cn-i-dcdx/67161a339e5c4639bdcfc59d4b67efc9~tplv-resize:640:0.png,7676,"[28.62, 35.68]",一汽-大众奥迪,35,中型SUV,汽油,2023.10,3年或10万公里
特斯拉,Model 3,https://p3-dcd.byteimg.com/img/tos-cn-i-dcdx/25d4d4c6e46f4f078d75e768fabd7f0e~tplv-resize:640:0.png,7604,"[24.59, 28.59]",特斯拉中国,36,中型车,纯电动,2023.09,4年或8万公里
宝马,宝马X3,https://p3-dcd.byteimg.com/img/tos-cn-i-dcdx/6ef160326cdc43d6b8395d9b0ae6a31c~tplv-resize:640:0.png,7482,"[30.77, 38.39]",华晨宝马,37,中型SUV,汽油,2023.02,3年或10万公里
本田,思域,https://p3-dcd.byteimg.com/img/motor-mis-img/af835d978de92b8342d900c8473c8d88~tplv-resize:640:0.png,7420,"[10.19, 15.99]",东风本田,38,紧凑型车,汽油,2022.12,3年或10万公里
大众,途岳,https://p9-dcd.byteimg.com/img/tos-cn-i-dcdx/7af39d3a968446848f32b453d0211164~tplv-resize:640:0.png,7366,"[11.99, 18.16]",上汽大众,39,紧凑型SUV,汽油,2023.03,3年或10万公里
吉利汽车,博越L,https://p9-dcd.byteimg.com/img/motor-mis-img/1214ac87d1a1f6dd0313f3d3d336c2eb~tplv-resize:640:0.png,7232,"[10.52, 15.02]",吉利汽车,40,紧凑型SUV,汽油,2022.10,4年或10万公里
丰田,威兰达,https://p9-dcd.byteimg.com/img/tos-cn-i-dcdx/39f96820a5e244b8a11ce5fae05c2006~tplv-resize:640:0.png,7225,"[13.68, 22.78]",广汽丰田,41,紧凑型SUV,汽油,2023.03,3年或10万公里
大众,宝来,https://p3-dcd.byteimg.com/img/motor-mis-img/dbd8f3ffb172ce6ef271849013b14763~tplv-resize:640:0.png,7221,"[8.49, 12.9]",一汽-大众,42,紧凑型车,汽油,2022.11,3年或10万公里
奇瑞,艾瑞泽8,https://p3-dcd.byteimg.com/img/tos-cn-i-dcdx/d8d9de3901d34378b2fd87287e07b7fa~tplv-resize:640:0.png,7160,"[9.89, 13.79]",奇瑞汽车,43,紧凑型车,汽油,2023.07,3年或10万公里
长安,长安UNI-V,https://p9-dcd.byteimg.com/img/tos-cn-i-dcdx/7204df6719904f8c857ddf241d537df2~tplv-resize:640:0.png,7135,"[9.89, 12.99]",长安汽车,44,紧凑型车,汽油,2023.04,3年或10万公里
现代,伊兰特,https://p3-dcd.byteimg.com/img/tos-cn-i-dcdx/9df2036fdb244307bed69e9e03cf2368~tplv-resize:640:0.png,7066,"[7.28, 12.28]",北京现代,45,紧凑型车,汽油,2023.08,3年或10万公里
本田,本田CR-V,https://p3-dcd.byteimg.com/img/tos-cn-i-dcdx/bc20bec323e9460e862ac2b30b0f9991~tplv-resize:640:0.png,7046,"[15.59, 23.39]",东风本田,46,紧凑型SUV,汽油,2022.09,3年或10万公里
丰田,雷凌,https://p3-dcd.byteimg.com/img/tos-cn-i-dcdx/4be933594d45455592d516c912d27b69~tplv-resize:640:0.png,7041,"[8.18, 12.38]",广汽丰田,47,紧凑型车,汽油,2023.03,3年或10万公里
丰田,凯美瑞,https://p9-dcd.byteimg.com/img/tos-cn-i-dcdx/2b0405ab3ec543bf9bef91533b82899f~tplv-resize:640:0.png,6971,"[15.28, 23.48]",广汽丰田,48,中型车,汽油,2024.03,3年或10万公里
大众,凌渡,https://p9-dcd.byteimg.com/img/tos-cn-i-dcdx/72aad906601447f59df191ebb8522c58~tplv-resize:640:0.png,6963,"[12.09, 16.79]",上汽大众,49,紧凑型车,汽油,2023.08,3年或10万公里
比亚迪,驱逐舰 05,https://p3-dcd.byteimg.com/img/tos-cn-i-dcdx/fdd396bacd4e433699c66a8dc73db8db~tplv-resize:640:0.png,6953,"[7.98, 12.88]",比亚迪,50,紧凑型车,插电式混合动力,2024.02,6年或15万公里
日产,逍客,https://p3-dcd.byteimg.com/img/tos-cn-i-dcdx/74a5e843ff5340aea475757a258d43bb~tplv-resize:640:0.png,6680,"[10.69, 16.69]",东风日产,51,紧凑型SUV,汽油,2023.08,3年或10万公里
大众,探岳,https://p9-dcd.byteimg.com/img/motor-mis-img/fa07dcebd6da68142bf78b8afc536956~tplv-resize:640:0.png,6627,"[16.19, 21.69]",一汽-大众,52,中型SUV,汽油,2023.10,3年或10万公里
奥迪,奥迪A4L,https://p9-dcd.byteimg.com/img/tos-cn-i-dcdx/db765ed4695e4d1e808f3344a2637ff8~tplv-resize:640:0.png,6597,"[22.2, 28.86]",一汽-大众奥迪,53,中型车,汽油,2023.10,3年或10万公里
长安欧尚,长安欧尚Z6,https://p9-dcd.byteimg.com/img/motor-mis-img/252d100a630cf9298e8d357fe7ee8ffc~tplv-resize:640:0.png,6591,"[8.69, 12.09]",长安汽车,54,紧凑型SUV,汽油,2023.06,3年或10万公里
比亚迪,秦PLUS EV,https://p3-dcd.byteimg.com/img/tos-cn-i-dcdx/f2c7ac4f763b45f99d6492adc2ee9f39~tplv-resize:640:0.png,6583,"[10.98, 15.78]",比亚迪,55,紧凑型车,纯电动,2024.02,6年或15万公里
本田,雅阁,https://p9-dcd.byteimg.com/img/tos-cn-i-dcdx/01ea2955a1cb44ff8f048e3deabf2c17~tplv-resize:640:0.png,6519,"[13.38, 18.28]",广汽本田,56,中型车,汽油,2024.01,3年或10万公里
红旗,红旗HS5,https://p3-dcd.byteimg.com/img/tos-cn-i-dcdx/c20137f882ec47cda4c0e54e82aa1f48~tplv-resize:640:0.png,6463,"[15.18, 21.78]",一汽红旗,57,中型SUV,汽油,2023.05,4年或10万公里
宝马,宝马X5,https://p9-dcd.byteimg.com/img/tos-cn-i-dcdx/bf84f7f297c74b4ab69467bef101e7e1~tplv-resize:640:0.png,6453,"[58, 77.6]",华晨宝马,58,中大型SUV,48V轻混系统,2023.08,3年或10万公里
理想汽车,理想L9,https://p3-dcd.byteimg.com/img/tos-cn-i-dcdx/4f056cfb109c43308e929851d8764605~tplv-resize:640:0.png,6336,"[42.98, 45.98]",理想汽车,59,大型SUV,增程式,2024.03,5年或10万公里
丰田,RAV4荣放,https://p3-dcd.byteimg.com/img/motor-mis-img/d1ac1817fbc495d355e029a8b10c68f8~tplv-resize:640:0.png,5947,"[13.88, 22.58]",一汽丰田,60,紧凑型SUV,汽油,2023.04,3年或10万公里
宝马,宝马X1,https://p3-dcd.byteimg.com/img/tos-cn-i-dcdx/c9c9c02010874036a2f03c203ca1238a~tplv-resize:640:0.png,5917,"[19.26, 24.5]",华晨宝马,61,紧凑型SUV,汽油,2023.04,3年或10万公里
埃安,AION Y,https://p3-dcd.byteimg.com/img/motor-mis-img/a4dcf08d322941eb5259fbcb35ead82e~tplv-resize:640:0.png,5794,"[9.98, 14.08]",广汽埃安新能源,62,紧凑型SUV,纯电动,2024.03,4年或15万公里
本田,型格,https://p3-dcd.byteimg.com/img/tos-cn-i-dcdx/bc48ceffe1394c528b45bb3a5042f890~tplv-resize:640:0.png,5691,"[11.19, 15.89]",广汽本田,63,紧凑型车,汽油,2024.03,3年或10万公里
五菱汽车,五菱星光PHEV,https://p3-dcd.byteimg.com/img/tos-cn-i-dcdx/1abac11028e24418a06fdf357476c3dc~tplv-resize:640:0.png,5647,"[8.88, 9.98]",上汽通用五菱,64,中型车,插电式混合动力,2023.12,6年或15万公里
长安欧尚,长安欧尚X5 PLUS,https://p3-dcd.byteimg.com/img/tos-cn-i-dcdx/a4616746e0c748508ba07e1c3909e58f~tplv-resize:640:0.png,5565,"[7.19, 9.69]",长安汽车,65,紧凑型SUV,汽油,2023.04,3年或10万公里
长安,长安CS55 PLUS,https://p3-dcd.byteimg.com/img/tos-cn-i-dcdx/8727a564bae045058a6c89a8395c2612~tplv-resize:640:0.png,5545,"[7.79, 11.39]",长安汽车,66,紧凑型SUV,汽油,2023.09,3年或10万公里
埃安,AION S,https://p9-dcd.byteimg.com/img/tos-cn-i-dcdx/f767ea64a42944a9ad5aa01b05b45965~tplv-resize:640:0.png,5462,"[11.98, 17.39]",广汽埃安新能源,67,紧凑型车,纯电动,2023.10,4年或15万公里
理想汽车,理想L8,https://p3-dcd.byteimg.com/img/tos-cn-i-dcdx/df46af6b3ad1439f83d4448cfb729918~tplv-resize:640:0.png,5457,"[33.98, 39.98]",理想汽车,68,中大型SUV,增程式,2024.03,5年或10万公里
比亚迪,宋L,https://p3-dcd.byteimg.com/img/tos-cn-i-dcdx/2e28737a95cd4a9aba1b33c6bee37d69~tplv-resize:640:0.png,5265,"[18.98, 24.98]",比亚迪,71,中型SUV,纯电动,2023.12,6年或15万公里
AITO,问界M9,https://p3-dcd.byteimg.com/img/tos-cn-i-dcdx/c6eb4687b1d1477c86826edc4d417e6c~tplv-resize:640:0.png,5251,"[46.98, 56.98]",赛力斯汽车,72,大型SUV,增程式,2023.12,4年或10万公里
别克,别克GL8,https://p3-dcd.byteimg.com/img/motor-mis-img/1b5d71c459535ea55476f5dd7a91be6c~tplv-resize:640:0.png,4392,"[23.29, 47.39]",上汽通用别克,81,中大型MPV,48V轻混系统,2023.02,3年或10万公里
极氪,ZEEKR 007,https://p3-dcd.byteimg.com/img/tos-cn-i-dcdx/7b2e691a90dc4bee8b0a230a2e84d1f4~tplv-resize:640:0.png,4204,"[20.99, 29.99]",极氪,82,中型车,纯电动,2023.12,4年或10万公里
深蓝汽车,深蓝S7,https://p3-dcd.byteimg.com/img/tos-cn-i-dcdx/f51d4ff960ed499ea4b443967ee6b0fe~tplv-resize:640:0.png,4202,"[13.99, 19.79]",深蓝汽车,83,中型SUV,增程式,2024.02,3年或12万公里
丰田,赛那,https://p9-dcd.byteimg.com/img/motor-mis-img/3d40895e3ab4e118a086187f7e78ebba~tplv-resize:640:0.png,4109,"[28.98, 39.18]",广汽丰田,84,中大型MPV,油电混合,2023.03,3年或10万公里
吉利汽车,博越,https://p3-dcd.byteimg.com/img/tos-cn-i-dcdx/9ab4d56315ff4d8c98ee26346d40f71d~tplv-resize:640:0.png,4044,"[8.98, 11.58]",吉利汽车,85,紧凑型SUV,汽油,2024.01,4年或10万公里
宝马,宝马5系,https://p3-dcd.byteimg.com/img/tos-cn-i-dcdx/e85fab8db1b346578e344ab528cbeaa2~tplv-resize:640:0.png,4019,"[41.99, 50.59]",华晨宝马,86,中大型车,48V轻混系统,2024.01,3年或10万公里
腾势,腾势D9 DM-i,https://p3-dcd.byteimg.com/img/motor-mis-img/33c228a4d0101c510250f1095b554e5e~tplv-resize:640:0.png,4016,"[32.48, 60.06]",腾势汽车,87,中大型MPV,插电式混合动力,2024.03,6年或15万公里
深蓝汽车,深蓝SL03,https://p3-dcd.byteimg.com/img/tos-cn-i-dcdx/89bf7774d79f44eab5d9acca6ba8712e~tplv-resize:640:0.png,3987,"[12.99, 67.79]",深蓝汽车,88,中型车,增程式,2024.02,3年或12万公里
领克,领克03,https://p3-dcd.byteimg.com/img/tos-cn-i-dcdx/496f813bab0e479cb6484b656f93e1d8~tplv-resize:640:0.png,3981,"[12.18, 42.03]",领克,89,紧凑型车,油电混合,2022.09,4年或10万公里
红旗,红旗E-QM5,https://p9-dcd.byteimg.com/img/motor-mis-img/3174065ca959cf593465c373c7722041~tplv-resize:640:0.png,3968,"[13.38, 20.78]",一汽红旗,90,中型车,纯电动,2024.03,4年或10万公里
凯迪拉克,凯迪拉克CT5,https://p3-dcd.byteimg.com/img/tos-cn-i-dcdx/293217d96dd84452b6267df0dd6df9cf~tplv-resize:640:0.png,3921,"[21.47, 28.67]",上汽通用凯迪拉克,91,中型车,汽油,2023.12,3年不限公里
长安,长安Lumin,https://p3-dcd.byteimg.com/img/tos-cn-i-dcdx/ce6c0eedd9c6421c94ef984285239d44~tplv-resize:640:0.png,3845,"[3.79, 6.19]",长安汽车,92,微型车,纯电动,2023.08,3年或12万公里
大众,大众ID.3,https://p3-dcd.byteimg.com/img/tos-cn-i-dcdx/c55ec29bd2f545239f812024e3ceb691~tplv-resize:640:0.png,3803,"[12.59, 14.98]",上汽大众,93,紧凑型车,纯电动,2024.01,3年或10万公里
别克,君威,https://p3-dcd.byteimg.com/img/tos-cn-i-dcdx/65ca9a0988cf45e29d3c04aca829f355~tplv-resize:640:0.png,3666,"[12.98, 21.98]",上汽通用别克,94,中型车,汽油,2023.07,3年或10万公里
奇瑞,瑞虎7,https://p3-dcd.byteimg.com/img/motor-mis-img/91d1a9696ea68fc6427247e5dd2d5ef1~tplv-resize:640:0.png,3652,"[7.09, 14.09]",奇瑞汽车,95,紧凑型SUV,汽油,2023.07,3年或10万公里
比亚迪,唐DM-i,https://p9-dcd.byteimg.com/img/tos-cn-i-dcdx/8c1608c9862b4aafb901b9e9e392ad03~tplv-resize:640:0.png,3607,"[17.98, 27.98]",比亚迪,96,中型SUV,插电式混合动力,2024.02,6年或15万公里
比亚迪,汉DM-i,https://p3-dcd.byteimg.com/img/tos-cn-i-dcdx/a965de726e8a43909ebfe83ae9325804~tplv-resize:640:0.png,3599,"[15.98, 25.98]",比亚迪,97,中大型车,插电式混合动力,2024.02,6年或15万公里
坦克,坦克300,https://p3-dcd.byteimg.com/img/motor-mis-img/53d89e20ef5df0119912ecfc6db642ae~tplv-resize:640:0.png,3458,"[19.98, 30.28]",长城汽车,98,紧凑型SUV,汽油,2023.08,5年或15万公里
沃尔沃,沃尔沃XC60,https://p3-dcd.byteimg.com/img/motor-mis-img/058f6dd326221149f0f7d23aec62600c~tplv-resize:640:0.png,3441,"[28.39, 38.09]",沃尔沃亚太,101,中型SUV,48V轻混系统,2023.05,3年不限公里
领克,领克08 EM-P,https://p3-dcd.byteimg.com/img/tos-cn-i-dcdx/17614683c5d74474b25696e6ba9f1619~tplv-resize:640:0.png,3419,"[19.88, 27.8]",领克,102,中型SUV,插电式混合动力,2023.09,5年或10万公里
比亚迪,宋PLUS EV,https://p9-dcd.byteimg.com/img/tos-cn-i-dcdx/fa73e1ea76ca4aa9aa291fd9d73dbf98~tplv-resize:640:0.png,3414,"[14.98, 18.98]",比亚迪,103,紧凑型SUV,纯电动,2024.02,6年或15万公里
长安,逸达,https://p3-dcd.byteimg.com/img/tos-cn-i-dcdx/eac9a5b665864f3b8c6b0b1d72e3f2bc~tplv-resize:640:0.png,3405,"[6.99, 9.79]",长安汽车,104,紧凑型车,汽油,2023.08,3年或10万公里
名爵,MG5,https://p3-dcd.byteimg.com/img/tos-cn-i-dcdx/d6a56e2049ac4b208d49d4f02f2916c3~tplv-resize:640:0.png,3384,"[5.79, 9.09]",上汽集团,105,紧凑型车,汽油,2023.05,3年或10万公里
福特,蒙迪欧,https://p3-dcd.byteimg.com/img/tos-cn-i-dcdx/3ad464028fb74a7785bc2a6c606a6d3a~tplv-resize:640:0.png,3381,"[13.78, 20.78]",长安福特,106,中型车,汽油,2023.07,3年或10万公里
广汽传祺,传祺M6,https://p3-dcd.byteimg.com/img/tos-cn-i-dcdx/7f73f6f447314098ac00754b8b25efd2~tplv-resize:640:0.png,3334,"[9.98, 14.88]",广汽乘用车,107,紧凑型MPV,汽油,2022.12,3年或10万公里
大众,高尔夫,https://p3-dcd.byteimg.com/img/tos-cn-i-dcdx/4fc088b811b34649b7293e1446212e1f~tplv-resize:640:0.png,3245,"[11.18, 21.18]",一汽-大众,108,紧凑型车,汽油,2024.01,3年或10万公里
五菱汽车,五菱佳辰,https://p9-dcd.byteimg.com/img/motor-mis-img/1d111f4c68dbfde0d1fd3c455a3a2db7~tplv-resize:640:0.png,3086,"[6.73, 11.43]",上汽通用五菱,109,紧凑型MPV,油电混合,2023.06,3年或10万公里
大众,T-ROC探歌,https://p9-dcd.byteimg.com/img/tos-cn-i-dcdx/854d92c324144a8baf7f4a1229768f5e~tplv-resize:640:0.png,3064,"[12.59, 14.69]",一汽-大众,110,紧凑型SUV,汽油,2024.01,3年或10万公里
五菱汽车,五菱星驰,https://p3-dcd.byteimg.com/img/tos-cn-i-dcdx/8aeb5f1c39fe4c509540e272edfac572~tplv-resize:640:0.png,3024,"[5.38, 8.38]",上汽通用五菱,111,小型SUV,汽油,2023.04,3年或10万公里
吉利汽车,豪越L,https://p3-dcd.byteimg.com/img/tos-cn-i-dcdx/35f4fe1d9d7240879696d2d7774573d5~tplv-resize:640:0.png,3008,"[11.29, 13.29]",吉利汽车,112,中型SUV,汽油,2023.11,4年或10万公里
奔腾,奔腾B70,https://p9-dcd.byteimg.com/img/tos-cn-i-dcdx/39774d70f0c445a88fa3a332502c53e3~tplv-resize:640:0.png,3002,"[10.09, 13.99]",一汽奔腾,113,中型车,汽油,2023.12,3年或10万公里
长安启源,长安启源A05,https://p9-dcd.byteimg.com/img/tos-cn-i-dcdx/90024992da744ec1a944c8bca7fb6a3d~tplv-resize:640:0.png,2987,"[7.89, 11.09]",长安启源,114,紧凑型车,插电式混合动力,2023.10,3年或15万公里
领克,领克06,https://p3-dcd.byteimg.com/img/motor-mis-img/189c2b11c6396ed5c63d9db5a57e6341~tplv-resize:640:0.png,2971,"[11.26, 12.26]",领克,115,小型SUV,汽油,2022.09,4年或10万公里
蔚来,蔚来ES6,https://p9-dcd.byteimg.com/img/tos-cn-i-dcdx/64a3a0a4ae604ebab934377a157a9851~tplv-resize:640:0.png,2959,"[33.8, 39.6]",蔚来,116,中型SUV,纯电动,2024.02,3年或12万公里
捷途,捷途X90,https://p9-dcd.byteimg.com/img/motor-mis-img/db9398d99c107b4ee74543a8fa39cc8a~tplv-resize:640:0.png,2889,"[12.99, 16.29]",奇瑞汽车,117,中型SUV,汽油,2022.11,4年或10万公里
奥迪,奥迪A3,https://p3-dcd.byteimg.com/img/tos-cn-i-dcdx/bed15598b2964894805e3c74db0e7e23~tplv-resize:640:0.png,2884,"[14.01, 17.59]",一汽-大众奥迪,118,紧凑型车,汽油,2023.10,3年或10万公里
宝马,宝马i3,https://p3-dcd.byteimg.com/img/tos-cn-i-dcdx/9ec42e56919241d7810481cc6fa5a1d4~tplv-resize:640:0.png,2870,"[23.1, 27.4]",华晨宝马,119,中型车,纯电动,2023.11,3年或10万公里
雪佛兰,科鲁泽,https://p3-dcd.byteimg.com/img/motor-mis-img/f63e0947469ae2d9cee05bbdc33f514f~tplv-resize:640:0.png,2810,"[6.49, 7.89]",上汽通用雪佛兰,120,紧凑型车,汽油,2023.06,3年或10万公里
丰田,卡罗拉,https://p9-dcd.byteimg.com/img/motor-mis-img/b2fb8f96191b30a2992fc05fb5af0a4c~tplv-resize:640:0.png,2743,"[9.18, 13.08]",一汽丰田,121,紧凑型车,汽油,2023.05,3年或10万公里
红旗,红旗HS3,https://p3-dcd.byteimg.com/img/tos-cn-i-dcdx/130d0777d22c4e7aba7791c0ee645462~tplv-resize:640:0.png,2742,"[11.38, 16.38]",一汽红旗,122,紧凑型SUV,汽油,2023.07,4年或10万公里
广汽传祺,传祺GS3,https://p3-dcd.byteimg.com/img/tos-cn-i-dcdx/a3e0987f48e44deb8709e776e4131cd7~tplv-resize:640:0.png,2741,"[6.98, 9.58]",广汽乘用车,123,小型SUV,汽油,2023.03,3年或10万公里
丰田,亚洲龙,https://p3-dcd.byteimg.com/img/motor-mis-img/5130f932ae52503625175eb6e79aaa5a~tplv-resize:640:0.png,2739,"[16.48, 24.48]",一汽丰田,124,中型车,汽油,2023.05,4年或10万公里
五菱汽车,五菱星辰,https://p3-dcd.byteimg.com/img/motor-mis-img/ef2d3df828e04fead57e3c86279360bd~tplv-resize:640:0.png,2710,"[6.38, 9.98]",上汽通用五菱,125,紧凑型SUV,油电混合,2022.08,3年或10万公里
极氪,ZEEKR 001,https://p9-dcd.byteimg.com/img/tos-cn-i-dcdx/04cd0a329af2459aaa5bb466ac245805~tplv-resize:640:0.png,2663,"[26.9, 76.9]",极氪,126,中大型车,纯电动,2024.02,4年或10万公里
长安,长安CS35 PLUS,https://p3-dcd.byteimg.com/img/motor-mis-img/810127c3c51f072dd2ea70a1a5aa09db~tplv-resize:640:0.png,2633,"[6.99, 8.19]",长安汽车,127,小型SUV,汽油,2023.09,3年或10万公里
丰田,格瑞维亚,https://p3-dcd.byteimg.com/img/tos-cn-i-dcdx/dc353aa6c1ef46eda1ea28f39304c725~tplv-resize:640:0.png,2541,"[28.58, 38.58]",一汽丰田,128,中大型MPV,油电混合,2023.04,4年或10万公里
别克,微蓝6,https://p9-dcd.byteimg.com/img/tos-cn-i-dcdx/550b6dc2a2c44e06a3e9b666927fa56f~tplv-resize:640:0.png,2535,"[9.98, 10.28]",上汽通用别克,129,紧凑型车,纯电动,2023.10,3年或10万公里
奇瑞,瑞虎9,https://p9-dcd.byteimg.com/img/tos-cn-i-dcdx/b902804d7fc84f5e9ca12ac0d2ff0e27~tplv-resize:640:0.png,2530,"[14.59, 20.29]",奇瑞汽车,130,中型SUV,汽油,2023.05,3年或10万公里
大众,途昂,https://p9-dcd.byteimg.com/img/motor-mis-img/10e227cb6150184e8a7177c3ede5ea06~tplv-resize:640:0.png,2496,"[24, 35.5]",上汽大众,131,中大型SUV,汽油,2023.09,3年或10万公里
五菱汽车,五菱荣光,https://p9-dcd.byteimg.com/img/motor-mis-img/efe0d84f810fe914c7149c51a6c1658e~tplv-resize:640:0.png,2450,"[4.09, 4.75]",上汽通用五菱,132,微面,汽油,2023.04,3年或6万公里
日产,奇骏,https://p3-dcd.byteimg.com/img/tos-cn-i-dcdx/5ae572c93a99402d89bab23657b64d6e~tplv-resize:640:0.png,2427,"[15.73, 24.99]",东风日产,133,紧凑型SUV,汽油电驱,2023.05,3年或10万公里
长安欧尚,长安欧尚X7 PLUS,https://p3-dcd.byteimg.com/img/tos-cn-i-dcdx/792f6cb783e54f76b76081f54eb719ad~tplv-resize:640:0.png,2407,"[7.39, 11.99]",长安汽车,134,紧凑型SUV,汽油,2023.04,3年或10万公里
比亚迪,汉EV,https://p3-dcd.byteimg.com/img/tos-cn-i-dcdx/e6d6f7c2291d47f6a4a7d19c3ec01892~tplv-resize:640:0.png,2371,"[17.98, 26.98]",比亚迪,135,中大型车,纯电动,2024.02,6年或15万公里
哪吒汽车,哪吒X,https://p3-dcd.byteimg.com/img/tos-cn-i-dcdx/dfb6468c733e43e99230cfbfb4652d30~tplv-resize:640:0.png,2338,"[9.98, 12.48]",合众汽车,136,紧凑型SUV,纯电动,2024.02,4年或12万公里
方程豹,豹5,https://p3-dcd.byteimg.com/img/tos-cn-i-dcdx/5c4dd30eca44470a917d366c05db05b5~tplv-resize:640:0.png,2310,"[28.98, 35.28]",方程豹,137,中型SUV,插电式混合动力,2023.11,6年或15万公里
奔驰,奔驰A级,https://p3-dcd.byteimg.com/img/tos-cn-i-dcdx/f3aa2146a74d47e3ab4844b147234e37~tplv-resize:640:0.png,2309,"[14.97, 17.23]",北京奔驰,138,紧凑型车,汽油,2023.05,3年不限公里
现代,途胜,https://p3-dcd.byteimg.com/img/tos-cn-i-dcdx/f2f194412c334188ace3731595a91729~tplv-resize:640:0.png,2305,"[12.88, 22.58]",北京现代,139,紧凑型SUV,汽油,2022.11,可选:3年或15万公里/5年或10万公里/7年或7万公里
大众,大众CC,https://p9-dcd.byteimg.com/img/motor-mis-img/bc1a1cfcace04020b804932bd5c78749~tplv-resize:640:0.png,2287,"[19.79, 24.79]",一汽-大众,140,中型车,汽油,2022.09,3年或10万公里
零跑汽车,零跑C10,https://p9-dcd.byteimg.com/img/tos-cn-i-dcdx/4c387f25931643fa924a70eb49342838~tplv-resize:640:0.png,2266,"[12.88, 16.88]",零跑汽车,141,中型SUV,增程式,2024.03,4年或12万公里
吉利银河,银河L6,https://p9-dcd.byteimg.com/img/tos-cn-i-dcdx/0b3ee25dceca4fe5982a29702074a0a2~tplv-resize:640:0.png,2256,"[9.38, 13.28]",吉利银河,142,紧凑型车,插电式混合动力,2024.03,4年或10万公里
奥迪,奥迪Q3,https://p3-dcd.byteimg.com/img/tos-cn-i-dcdx/cec6f6ed88e64f038b81185e048ebf8a~tplv-resize:640:0.png,2245,"[19.03, 23.85]",一汽-大众奥迪,143,紧凑型SUV,汽油,2023.08,3年或10万公里
宝马,宝马iX3,https://p9-dcd.byteimg.com/img/tos-cn-i-dcdx/39eb11e1ba734c17b6a5b4c9762123ff~tplv-resize:640:0.png,2177,"[26.6, 29.81]",华晨宝马,144,中型SUV,纯电动,2024.01,3年或10万公里
东风风神,奕炫,https://p3-dcd.byteimg.com/img/tos-cn-i-dcdx/f2597be887af41fdb6174c3200a98d2c~tplv-resize:640:0.png,2151,"[6.48, 9.38]",东风乘用车,145,紧凑型车,汽油,2024.01,3年或10万公里
名爵,MG7,https://p9-dcd.byteimg.com/img/tos-cn-i-dcdx/b0f952ca6faf46b1bb0fc809ab964a49~tplv-resize:640:0.png,2139,"[11.98, 16.98]",上汽集团,146,中型车,汽油,2023.03,3年或10万公里
奇瑞,探索06,https://p3-dcd.byteimg.com/img/tos-cn-i-dcdx/93b15f0f1967433faca5cac4ef9289cd~tplv-resize:640:0.png,2138,"[10.49, 13.29]",奇瑞汽车,147,紧凑型SUV,汽油,2023.12,3年或10万公里
魏牌,蓝山DHT-PHEV,https://p3-dcd.byteimg.com/img/tos-cn-i-dcdx/d81ba06d1efb4049a67bd2fd3b4e7f03~tplv-resize:640:0.png,2108,"[27.38, 30.88]",长城汽车,148,中大型SUV,插电式混合动力,2023.04,5年或15万公里
吉利银河,银河E8,https://p3-dcd.byteimg.com/img/tos-cn-i-dcdx/ab1b4cc0df104ee59855465e9649824a~tplv-resize:640:0.png,2089,"[17.58, 22.88]",吉利银河,149,中大型车,纯电动,2024.01,6年或15万公里
现代,现代ix35,https://p3-dcd.byteimg.com/img/tos-cn-i-dcdx/4759d1d531d7489dbb01a2bad3506c6b~tplv-resize:640:0.png,2085,"[9.98, 14.58]",北京现代,150,紧凑型SUV,汽油,2023.06,可选：5年或10万公里/7年或7万公里/3年或15万公里
捷途,捷途大圣,https://p3-dcd.byteimg.com/img/motor-mis-img/5ba123b24bd9a5f043a996a09501b6dd~tplv-resize:640:0.png,2077,"[9.39, 12.69]",奇瑞汽车,151,紧凑型SUV,汽油,2023.10,4年或10万公里
广汽传祺,传祺M8,https://p3-dcd.byteimg.com/img/motor-mis-img/6e784e8e17abc04adea0d726fe51ff69~tplv-resize:640:0.png,2070,"[16.98, 33.89]",广汽乘用车,152,中大型MPV,汽油,2023.07,3年或10万公里
吉利几何,吉利几何E萤火虫,https://p3-dcd.byteimg.com/img/tos-cn-i-dcdx/ab171bed6a464941a57445172e7bf752~tplv-resize:640:0.png,2044,"[5.98, 8.98]",吉利几何,153,小型SUV,纯电动,2024.03,4年或10万公里
零跑汽车,零跑T03,https://p3-dcd.byteimg.com/img/tos-cn-i-dcdx/a1da801e023c4207ab9ba55d995637d0~tplv-resize:640:0.png,2043,"[4.49, 7.79]",零跑汽车,154,微型车,纯电动,2024.03,3年或12万公里
坦克,坦克500 Hi4-T,https://p9-dcd.byteimg.com/img/tos-cn-i-dcdx/7fbd823a6e444011b0b69c2a19c6fcb1~tplv-resize:640:0.png,2034,"[33.5, 33.5]",长城汽车,155,中大型SUV,插电式混合动力,2023.06,5年或15万公里
哈弗,哈弗猛龙,https://p3-dcd.byteimg.com/img/tos-cn-i-dcdx/c32096c27314426097e1f0b95a3c8839~tplv-resize:640:0.png,2003,"[16.58, 18.38]",长城汽车,156,紧凑型SUV,插电式混合动力,2023.10,6年或15万公里
蔚来,蔚来ET5T,https://p3-dcd.byteimg.com/img/tos-cn-i-dcdx/a03cf015743343d0aa5a45c8b02551c9~tplv-resize:640:0.png,1983,"[29.8, 35.6]",蔚来,157,中型车,纯电动,2024.02,3年或12万公里
奇瑞新能源,QQ冰淇淋,https://p3-dcd.byteimg.com/img/tos-cn-i-dcdx/b949ba428bc143aeb2bcfdef93eb7f61~tplv-resize:640:0.png,1970,"[2.99, 5.752]",奇瑞新能源,158,微型车,纯电动,2023.08,3年或10万公里
福特,领睿,https://p9-dcd.byteimg.com/img/motor-mis-img/2e84d7b827ee1d79eea53e9aec7ff9de~tplv-resize:640:0.png,1934,"[11.18, 15.48]",江铃福特,159,中型SUV,汽油,2023.08,3年或10万公里
蓝电,蓝电E5,https://p3-dcd.byteimg.com/img/tos-cn-i-dcdx/a85640b7405f4d3889bc55d63edbd0c8~tplv-resize:640:0.png,1915,"[9.98, 12.18]",赛力斯蓝电汽车,160,中型SUV,插电式混合动力,2023.03,6年或15万公里
长安欧尚,长安欧尚Z6 iDD新能源,https://p3-dcd.byteimg.com/img/tos-cn-i-dcdx/9d2a56308a184ed89115a0b35d840d2e~tplv-resize:640:0.png,1891,"[12.58, 14.58]",长安汽车,161,紧凑型SUV,插电式混合动力,2023.06,3年或12万公里
马自达,马自达3 昂克赛拉,https://p9-dcd.byteimg.com/img/motor-mis-img/2ed9950bbf60e473727cf3735528e032~tplv-resize:640:0.png,1873,"[8.99, 17.69]",长安马自达,162,紧凑型车,汽油,2023.07,3年或10万公里
本田,飞度,https://p9-dcd.byteimg.com/img/tos-cn-i-dcdx/b904c6bfc5094657bbcad15af499fd16~tplv-resize:640:0.png,1844,"[7.68, 9.88]",广汽本田,163,小型车,汽油,2024.03,3年或10万公里
别克,昂科威,https://p3-dcd.byteimg.com/img/tos-cn-i-dcdx/8c49aa2236a74207a201bac3a1f90046~tplv-resize:640:0.png,1781,"[14.99, 23.59]",上汽通用别克,164,中型SUV,48V轻混系统,2023.03,3年或10万公里
奇瑞,艾瑞泽5,https://p3-dcd.byteimg.com/img/tos-cn-i-dcdx/aef5212cbadd4c05a9c450eaed0813e1~tplv-resize:640:0.png,1775,"[5.39, 8.58]",奇瑞汽车,165,紧凑型车,汽油,2023.10,3年或10万公里
沃尔沃,沃尔沃S90,https://p3-dcd.byteimg.com/img/tos-cn-i-dcdx/29edd1a1863d4861850a5e55c29532e8~tplv-resize:640:0.png,1770,"[30.69, 40.59]",沃尔沃亚太,166,中大型车,48V轻混系统,2023.06,3年不限公里
长安启源,长安启源Q05,https://p3-dcd.byteimg.com/img/tos-cn-i-dcdx/d89973a091064602a82752ce8274ef5a~tplv-resize:640:0.png,1749,"[9.69, 12.19]",长安启源,167,紧凑型SUV,插电式混合动力,2023.12,3年或15万公里
大众,揽巡,https://p3-dcd.byteimg.com/img/tos-cn-i-dcdx/8c9d9e77cdf5462a86c515692b23c0e7~tplv-resize:640:0.png,1735,"[22.99, 28.09]",一汽-大众,168,中大型SUV,汽油,2023.11,3年或10万公里
马自达,马自达CX-5,https://p3-dcd.byteimg.com/img/tos-cn-i-dcdx/cd0afa2cba3f4fba8cfdac2c4417a60b~tplv-resize:640:0.png,1733,"[12.38, 20.68]",长安马自达,169,紧凑型SUV,汽油,2023.09,3年或10万公里
欧拉,欧拉好猫,https://p3-dcd.byteimg.com/img/tos-cn-i-dcdx/4d618ed49b0e4372b02670629a04f337~tplv-resize:640:0.png,1731,"[10.48, 14.08]",长城汽车,170,小型车,纯电动,2023.02,4年或15万公里
长安启源,长安启源A07,https://p3-dcd.byteimg.com/img/tos-cn-i-dcdx/8a84daad1c4b416aac405f4ec61a2e4c~tplv-resize:640:0.png,1723,"[13.59, 16.39]",长安启源,171,中大型车,纯电动,2024.03,3年或15万公里
本田,本田HR-V,https://p3-dcd.byteimg.com/img/tos-cn-i-dcdx/24baeca15ca34c83a4e9ceaf09de58ea~tplv-resize:640:0.png,1715,"[13.09, 18.08]",东风本田,172,紧凑型SUV,汽油,2023.04,3年或10万公里
广汽传祺,影豹,https://p9-dcd.byteimg.com/img/motor-mis-img/d0be756edf1c5cf4c9e6552497309e85~tplv-resize:640:0.png,1714,"[9.2, 14.2]",广汽乘用车,173,紧凑型车,汽油,2023.03,3年或10万公里
大运,悦虎,https://p3-dcd.byteimg.com/img/motor-mis-img/734908e2eb6373bc7e736fae703e25f6~tplv-resize:640:0.png,1712,"[5.68, 8.58]",大运汽车,174,小型SUV,纯电动,2023.06,3年或12万公里
北京,北京BJ40,https://p9-dcd.byteimg.com/img/tos-cn-i-dcdx/3a8235032015497c9b815308b121c4ba~tplv-resize:640:0.png,1692,"[14.98, 26.99]",北京汽车,175,紧凑型SUV,汽油,2023.11,5年或15万公里
丰田,丰田bZ3,https://p3-dcd.byteimg.com/img/tos-cn-i-dcdx/cbf3ea024efc4e49ad282ed1bdc84cc4~tplv-resize:640:0.png,1674,"[14.48, 17.48]",一汽丰田,176,中型车,纯电动,2024.01,3年或10万公里
东风纳米,纳米01,https://p3-dcd.byteimg.com/img/tos-cn-i-dcdx/41f1b82ed40042a88bf6c8de6cddbf9f~tplv-resize:640:0.png,1668,"[7.48, 10.68]",东风汽车,177,小型车,纯电动,2024.01,3年不限里程
零跑汽车,零跑C11,https://p3-dcd.byteimg.com/img/tos-cn-i-dcdx/5f33df9609c142048ca10d8f868db3b5~tplv-resize:640:0.png,1661,"[12.78, 20.58]",零跑汽车,178,中型SUV,增程式,2024.03,4年或12万公里
比亚迪,海豹DM-i,https://p9-dcd.byteimg.com/img/tos-cn-i-dcdx/74e489c57f1945faa0ac4ede26c433d1~tplv-resize:640:0.png,1641,"[14.68, 21.98]",比亚迪,179,中型车,插电式混合动力,2024.02,6年或15万公里
大众,Polo,https://p3-dcd.byteimg.com/img/tos-cn-i-dcdx/a6ee19f8cb8b4ad8bab7f2b3cb0e4fa1~tplv-resize:640:0.png,1636,"[7.09, 10.49]",上汽大众,180,小型车,汽油,2023.05,3年或10万公里
坦克,坦克400 Hi4-T,https://p3-dcd.byteimg.com/img/tos-cn-i-dcdx/f45e86b33d5d4a7aafddb5dccf225299~tplv-resize:640:0.png,1539,"[27.98, 28.98]",长城汽车,181,中大型SUV,插电式混合动力,2023.09,5年或15万公里
吉利几何,吉利几何A,https://p3-dcd.byteimg.com/img/motor-mis-img/ef638ed8ed491bd5bb2a12337d91faa9~tplv-resize:640:0.png,1531,"[14.38, 20.78]",吉利几何,182,紧凑型车,纯电动,2023.08,4年或15万公里
本田,缤智,https://p9-dcd.byteimg.com/img/motor-mis-img/8667f54bc5d28b9ee06bf37dc60cc85f~tplv-resize:640:0.png,1520,"[9.59, 11.59]",广汽本田,183,小型SUV,汽油,2022.11,3年或10万公里
智己汽车,智己LS6,https://p3-dcd.byteimg.com/img/tos-cn-i-dcdx/1d808aff9bfd4dfa9ab5f7296c7c4544~tplv-resize:640:0.png,1491,"[21.99, 28.19]",智己汽车,184,中大型SUV,纯电动,2023.10,5年或15万公里
东风风行,菱智,https://p3-dcd.byteimg.com/img/tos-cn-i-dcdx/1b4c5e581271490ab064442a9188b466~tplv-resize:640:0.png,1479,"[5.39, 9.39]",东风风行,185,中型MPV,汽油,2023.09,5年或10万公里
星途,星途凌云,https://p9-dcd.byteimg.com/img/tos-cn-i-dcdx/023c83c093834e84a0ed4cf48601be51~tplv-resize:640:0.png,1467,"[12.49, 16.99]",星途,186,中型SUV,汽油,2023.07,3年或10万公里
本田,英仕派,https://p3-dcd.byteimg.com/img/tos-cn-i-dcdx/068adb9f4c04421fae8d8a372bc5cf0e~tplv-resize:640:0.png,1458,"[14.68, 25.59]",东风本田,187,中型车,汽油,2023.07,3年或10万公里
小鹏汽车,小鹏X9,https://p3-dcd.byteimg.com/img/tos-cn-i-dcdx/dea281f2400b459897787fc584c29832~tplv-resize:640:0.png,1448,"[35.98, 41.98]",小鹏汽车,188,中大型MPV,纯电动,2024.01,5年或12万公里
哈弗,哈弗M6,https://p9-dcd.byteimg.com/img/motor-mis-img/3318a942828459ec7ce8bd81f8e187d9~tplv-resize:640:0.png,1446,"[6.19, 8.29]",长城汽车,189,紧凑型SUV,汽油,2023.03,3年或10万公里
丰田,皇冠陆放,https://p3-dcd.byteimg.com/img/motor-mis-img/7a7143dba294bfc49ff39a154e4b9ad5~tplv-resize:640:0.png,1403,"[24.28, 31.78]",一汽丰田,190,中型SUV,油电混合,2023.03,3年或10万公里
东风风神,东风风神E70,https://p3-dcd.byteimg.com/img/motor-mis-img/3645e5106165def002a7ab1f2300c71c~tplv-resize:640:0.png,1400,"[14.28, 15.38]",东风乘用车,191,紧凑型车,纯电动,2023.03,3年或30万公里
奇瑞,瑞虎5x,https://p3-dcd.byteimg.com/img/motor-mis-img/bf49fad02231fbc7c729f23640775a75~tplv-resize:640:0.png,1226,"[5.79, 8.99]",奇瑞汽车,201,小型SUV,汽油,2023.04,3年或10万公里
林肯,航海家,https://p3-dcd.byteimg.com/img/tos-cn-i-dcdx/db4c45d357eb479ca8ba4ed41f93fc5e~tplv-resize:640:0.png,1225,"[31.38, 45.38]",长安林肯,202,中型SUV,汽油,2023.04,5年或14万公里
星途,星途瑶光,https://p3-dcd.byteimg.com/img/tos-cn-i-dcdx/fe5ba41003f242d994ad0722c4a9e34a~tplv-resize:640:0.png,1221,"[13.78, 19.18]",星途,203,中型SUV,汽油,2023.02,3年或10万公里
蔚来,蔚来EC6,https://p3-dcd.byteimg.com/img/tos-cn-i-dcdx/e3362ddc7fbb4a13a303fc940c09d0fe~tplv-resize:640:0.png,1209,"[35.8, 41.6]",蔚来,204,中型SUV,纯电动,2024.02,3年或12万公里
日产,骐达TIIDA,https://p3-dcd.byteimg.com/img/tos-cn-i-dcdx/c2bc63fa5a1142b9aba74bf02210d1cc~tplv-resize:640:0.png,1200,"[8.09, 10.69]",东风日产,205,紧凑型车,汽油,2023.08,3年或10万公里
雪铁龙,凡尔赛C5 X,https://p3-dcd.byteimg.com/img/tos-cn-i-dcdx/a1102b80c22949dbbd878f5d33a991ed~tplv-resize:640:0.png,1198,"[13.87, 18.67]",东风雪铁龙,206,中型车,汽油,2023.04,5年或15万公里
岚图,岚图梦想家 PHEV,https://p9-dcd.byteimg.com/img/tos-cn-i-dcdx/31400576760b4db4819a38b1aeeb7c38~tplv-resize:640:0.png,1166,"[30.99, 38.99]",岚图汽车,207,中大型MPV,插电式混合动力,2023.10,6年或15万公里
小鹏汽车,小鹏G6,https://p3-dcd.byteimg.com/img/tos-cn-i-dcdx/67c41851c96341c19c0461ff9db91911~tplv-resize:640:0.png,1161,"[18.99, 25.69]",小鹏汽车,208,中型SUV,纯电动,2023.06,5年或12万公里
本田,奥德赛,https://p3-dcd.byteimg.com/img/tos-cn-i-dcdx/c5dcacaaacb3459cb9c4c522a0df3c82~tplv-resize:640:0.png,1151,"[20.78, 40.58]",广汽本田,209,中型MPV,油电混合,2023.06,3年或10万公里
荣威,荣威D7 EV,https://p9-dcd.byteimg.com/img/tos-cn-i-dcdx/279198c170654088bb304d89cfc3d72f~tplv-resize:640:0.png,1146,"[13.68, 16.38]",上汽集团,210,中型车,纯电动,2023.11,6年或15万公里
大众,揽境,https://p3-dcd.byteimg.com/img/tos-cn-i-dcdx/e14ccc42e68c4f239d6be4af52e2995f~tplv-resize:640:0.png,1119,"[24.49, 34.49]",一汽-大众,211,中大型SUV,汽油,2023.11,3年或10万公里
北京汽车,北京EU5,https://p9-dcd.byteimg.com/img/motor-mis-img/fac9641308c9c3c9b23765bdcbdd6697~tplv-resize:640:0.png,1110,"[12.99, 17.19]",北京汽车,212,紧凑型车,纯电动,2022.09,3年或12万公里
长安,长安UNI-T,https://p3-dcd.byteimg.com/img/tos-cn-i-dcdx/09a8092ecee34808ae45128f9d2adb1e~tplv-resize:640:0.png,1109,"[9.99, 12.99]",长安汽车,213,紧凑型SUV,汽油,2023.02,3年或10万公里
广汽传祺,传祺GS8,https://p3-dcd.byteimg.com/img/motor-mis-img/bef1e4e3b0a6fa8de3a3887dcaaad449~tplv-resize:640:0.png,1108,"[16.68, 24.78]",广汽乘用车,214,中型SUV,汽油,2023.06,5年或15万公里
大众,ID.4 X,https://p3-dcd.byteimg.com/img/tos-cn-i-dcdx/d16a58d2e5694b7b84ba28604a6421e0~tplv-resize:640:0.png,1100,"[14.98, 23.94]",上汽大众,215,紧凑型SUV,纯电动,2024.01,3年或10万公里
哪吒汽车,哪吒S,https://p3-dcd.byteimg.com/img/tos-cn-i-dcdx/f5b33847b129473f8fd1ea7239dc73f5~tplv-resize:640:0.png,1090,"[15.48, 22.48]",合众汽车,216,中大型车,增程式,2023.07,4年或12万公里
起亚,起亚K3,https://p9-dcd.byteimg.com/img/tos-cn-i-dcdx/472cba0cc0a54bd6aca66872589b2e1d~tplv-resize:640:0.png,1089,"[7.79, 12.09]",起亚,217,紧凑型车,汽油,2024.02,3年或10万公里
比亚迪,元Pro,https://p3-dcd.byteimg.com/img/tos-cn-i-dcdx/75aceda12312482a844f17861bbac469~tplv-resize:640:0.png,1083,"[7.98, 9.78]",比亚迪,218,小型SUV,纯电动,2023.05,6年或15万公里
广汽传祺,影酷,https://p9-dcd.byteimg.com/img/motor-mis-img/fb916563d977a0dcf0ca3a200e4eda73~tplv-resize:640:0.png,1074,"[9.98, 13.98]",广汽乘用车,219,紧凑型SUV,汽油,2022.09,3年或10万公里
别克,世纪,https://p3-dcd.byteimg.com/img/tos-cn-i-dcdx/c5b214e5d3fa4fa89c233743b464e318~tplv-resize:640:0.png,1071,"[46.99, 68.99]",上汽通用别克,220,中大型MPV,48V轻混系统,2023.08,3年或10万公里
吉利汽车,缤瑞,https://p3-dcd.byteimg.com/img/tos-cn-i-dcdx/9ce764ca8f1a48a0890408952f1ad593~tplv-resize:640:0.png,1049,"[7.48, 9.48]",吉利汽车,221,紧凑型车,汽油,2023.08,4年或10万公里
奇瑞新能源,小蚂蚁,https://p3-dcd.byteimg.com/img/tos-cn-i-dcdx/c582d200e0fe44c7b1b5f3b6134c8849~tplv-resize:640:0.png,1020,"[5.99, 9.2999]",奇瑞新能源,222,微型车,纯电动,2023.10,3年或12万公里
凯迪拉克,凯迪拉克XT5,https://p3-dcd.byteimg.com/img/tos-cn-i-dcdx/34121f151dfa4523a4d827d0d3ea7a3e~tplv-resize:640:0.png,1010,"[25.97, 33.97]",上汽通用凯迪拉克,223,中型SUV,48V轻混系统,2023.09,3年不限公里
本田,冠道,https://p9-dcd.byteimg.com/img/tos-cn-i-dcdx/fc979e09cc8f450c9a1dceb57d57ec05~tplv-resize:640:0.png,1005,"[20.58, 29.58]",广汽本田,224,中型SUV,汽油,2023.08,3年或10万公里
林肯,冒险家,https://p3-dcd.byteimg.com/img/tos-cn-i-dcdx/9d39599a71b34b279c96d02bff066c3d~tplv-resize:640:0.png,947,"[21.58, 32.58]",长安林肯,225,紧凑型SUV,汽油,2024.03,5年或14万公里
比亚迪,秦EV,https://p3-dcd.byteimg.com/img/motor-mis-img/1c7a3356986a77510a0b53855fb5a868~tplv-resize:640:0.png,923,"[15.58, 16.98]",比亚迪,226,紧凑型车,纯电动,2021.05,6年或60万公里
福特,探险者,https://p3-dcd.byteimg.com/img/tos-cn-i-dcdx/31302546ff654c8cb31296e9b85fe510~tplv-resize:640:0.png,909,"[30.98, 39.98]",长安福特,227,中大型SUV,汽油,2022.09,3年或10万公里
长安,锐程PLUS,https://p3-dcd.byteimg.com/img/tos-cn-i-dcdx/6de734d6685c494daee1c10272206263~tplv-resize:640:0.png,906,"[7.99, 10.29]",长安汽车,228,紧凑型车,汽油,2022.09,3年或10万公里
AITO,问界M5,https://p3-dcd.byteimg.com/img/motor-mis-img/87fe46f305be3e4a5b66508782f24e81~tplv-resize:640:0.png,906,"[24.98, 33.18]",赛力斯汽车,229,中型SUV,增程式,2023.07,4年或10万公里
长安,长安UNI-K,https://p9-dcd.byteimg.com/img/tos-cn-i-dcdx/458c4ef6b652476e8519de66e0912a74~tplv-resize:640:0.png,905,"[12.99, 15.99]",长安汽车,230,中型SUV,汽油,2023.11,3年或10万公里
路虎,揽胜极光,https://p3-dcd.byteimg.com/img/tos-cn-i-dcdx/f6f3c888d1094dbeb62f6472ceb0ca3a~tplv-resize:640:0.png,901,"[23.39, 27.91]",奇瑞捷豹路虎,231,中型SUV,48V轻混系统,2023.03,3年或10万公里
奔驰,奔驰GLA,https://p3-dcd.byteimg.com/img/tos-cn-i-dcdx/f36cf470eaf44e66856e6e3c3132898b~tplv-resize:640:0.png,900,"[18.7, 24.61]",北京奔驰,232,紧凑型SUV,汽油,2023.11,3年不限公里
沃尔沃,沃尔沃S60,https://p3-dcd.byteimg.com/img/motor-mis-img/917e910a69010277adf7b04033758613~tplv-resize:640:0.png,890,"[22.59, 31.39]",沃尔沃亚太,233,中型车,48V轻混系统,2023.07,3年不限公里
本田,艾力绅,https://p3-dcd.byteimg.com/img/tos-cn-i-dcdx/d874253ddcab4fbeac2e52354f3d9e62~tplv-resize:640:0.png,870,"[23.48, 28.68]",东风本田,234,中型MPV,油电混合,2023.07,3年或10万公里
别克,君越,https://p3-dcd.byteimg.com/img/tos-cn-i-dcdx/d46a7ee58b8a41ac8a6872614bd23172~tplv-resize:640:0.png,868,"[15.49, 26.48]",上汽通用别克,235,中型车,汽油,2023.05,3年或10万公里
SRM鑫源,金海狮,https://p3-dcd.byteimg.com/img/motor-mis-img/420edba187de7d68b797455324ccd5af~tplv-resize:640:0.png,861,"[6.09, 10.59]",鑫源汽车,236,中型MPV,汽油,2023.09,2年或10万公里
小鹏汽车,小鹏G9,https://p3-dcd.byteimg.com/img/motor-mis-img/57c7fd76817fb6148dce372c42acc18c~tplv-resize:640:0.png,861,"[25.39, 35.49]",小鹏汽车,237,中大型SUV,纯电动,2023.09,5年或12万公里
小鹏汽车,小鹏P7,https://p3-dcd.byteimg.com/img/tos-cn-i-dcdx/008ce8adb1ad4b24acfb8fade865172a~tplv-resize:640:0.png,836,"[20.39, 28.99]",小鹏汽车,238,中型车,纯电动,2023.11,5年或12万公里
红旗,红旗H6,https://p9-dcd.byteimg.com/img/tos-cn-i-dcdx/5f5b06d03ef847f7a958927ccd791263~tplv-resize:640:0.png,823,"[16.08, 20.78]",一汽红旗,239,中型车,汽油,2023.04,4年或10万公里
日产,劲客,https://p9-dcd.byteimg.com/img/motor-mis-img/504fb3220f62bbc899bbe7bdbdb15d0a~tplv-resize:640:0.png,806,"[8.48, 9.88]",东风日产,240,小型SUV,汽油,2023.07,3年或10万公里
智界,智界S7,https://p3-dcd.byteimg.com/img/tos-cn-i-dcdx/0e17f8fdf5994a98aab29bf74279e0bf~tplv-resize:640:0.png,794,"[24.98, 34.98]",智界汽车,241,中大型车,纯电动,2023.11,4年或10万公里
启辰,启辰大V DD-i超混动,https://p3-dcd.byteimg.com/img/tos-cn-i-dcdx/9d1e245dc33446edb0cd4bd7bd7ae3c0~tplv-resize:640:0.png,792,"[11.69, 14.79]",东风日产,242,紧凑型SUV,插电式混合动力,2023.07,6年或15万公里
奇瑞,瑞虎3x,https://p9-dcd.byteimg.com/img/tos-cn-i-dcdx/824cad6766644142b83d4b33b9a3e824~tplv-resize:640:0.png,790,"[5.29, 8.19]",奇瑞汽车,243,小型SUV,汽油,2023.08,3年或10万公里
宝骏,悦也,https://p3-dcd.byteimg.com/img/tos-cn-i-dcdx/89571c98d16249bfa17a9e614ecedea0~tplv-resize:640:0.png,788,"[7.98, 8.98]",上汽通用五菱,244,小型SUV,纯电动,2023.05,3年或10万公里
仰望,仰望U8,https://p3-dcd.byteimg.com/img/tos-cn-i-dcdx/6ab6732babb34e30b5e63c41a3eb5b08~tplv-resize:640:0.png,780,"[109.8, 109.8]",仰望,245,大型SUV,增程式,2023.09,6年或15万公里
丰田,丰田C-HR,https://p9-dcd.byteimg.com/img/tos-cn-i-dcdx/b0e1fef05cbb4a33be7c024e82deae95~tplv-resize:640:0.png,780,"[11.78, 16.08]",广汽丰田,246,小型SUV,汽油,2023.03,3年或10万公里
吉利几何,帝豪EV,https://p3-dcd.byteimg.com/img/motor-mis-img/0fd8b1fa3b9415afad38741c159dd3e5~tplv-resize:640:0.png,775,"[15.98, 16.98]",吉利几何,247,紧凑型车,纯电动,2022.08,1年或15万公里
SWM斯威汽车,斯威G05,https://p3-dcd.byteimg.com/img/tos-cn-i-dcdx/c925af638a1c4f7fb547993f1c3de73e~tplv-resize:640:0.png,771,"[8.69, 12.98]",SWM斯威汽车,248,中型SUV,汽油,2023.01,3年或6万公里
起亚,狮铂拓界,https://p9-dcd.byteimg.com/img/motor-mis-img/64635680904a46d6cc34230eaf9a9552~tplv-resize:640:0.png,752,"[14.78, 20.58]",起亚,251,紧凑型SUV,汽油,2022.11,5年或10万公里
奥迪,奥迪Q4 e-tron,https://p3-dcd.byteimg.com/img/tos-cn-i-dcdx/1a4aff7cb585445d897494310ccaaaad~tplv-resize:640:0.png,750,"[20.87, 28.27]",一汽-大众奥迪,252,紧凑型SUV,纯电动,2023.11,3年或10万公里
凯迪拉克,凯迪拉克XT4,https://p3-dcd.byteimg.com/img/tos-cn-i-dcdx/0a4bbf84f21a4ef991576b8619a433a1~tplv-resize:640:0.png,746,"[19.97, 24.87]",上汽通用凯迪拉克,253,紧凑型SUV,48V轻混系统,2023.05,3年不限公里
启辰,启辰大V,https://p3-dcd.byteimg.com/img/tos-cn-i-dcdx/70ada3c249cf4fd69983d811b1e04a39~tplv-resize:640:0.png,744,"[9.98, 11.88]",东风日产,254,紧凑型SUV,汽油,2023.09,3年或10万公里
奔腾,奔腾T90,https://p3-dcd.byteimg.com/img/tos-cn-i-dcdx/0f4e570b09094ad188f309de0dd5ae96~tplv-resize:640:0.png,738,"[9.5, 14.2]",一汽奔腾,255,紧凑型SUV,汽油,2023.06,3年或10万公里
路虎,发现运动版,https://p9-dcd.byteimg.com/img/tos-cn-i-dcdx/743f005e7c5a414ebadb3d4376022ed7~tplv-resize:640:0.png,730,"[23.39, 25.19]",奇瑞捷豹路虎,256,中型SUV,48V轻混系统,2023.07,3年或10万公里
捷途,捷途X70S EV,https://p9-dcd.byteimg.com/img/motor-mis-img/f4e6e2fbaa0cecf457663534e094c6f1~tplv-resize:640:0.png,727,"[16.48, 17.48]",奇瑞汽车,257,中型SUV,纯电动,2019.09,4年或10万公里
上汽大通MAXUS,大通G50,https://p3-dcd.byteimg.com/img/motor-mis-img/1f8cf3e8aa8da7a93d7fa90a0ed6e5d6~tplv-resize:640:0.png,725,"[7.78, 14.08]",上汽大通,258,紧凑型MPV,汽油,2024.03,3年或6万公里
福特,锐际,https://p3-dcd.byteimg.com/img/tos-cn-i-dcdx/e85d383a99d24b91b83a3b4e46f711fe~tplv-resize:640:0.png,721,"[14.38, 19.58]",长安福特,259,紧凑型SUV,汽油,2023.08,3年或10万公里
比亚迪,护卫舰 07,https://p3-dcd.byteimg.com/img/tos-cn-i-dcdx/25da945746f842dbac9e8ec9d481fb6e~tplv-resize:640:0.png,705,"[17.28, 25.98]",比亚迪,260,中型SUV,插电式混合动力,2022.12,6年或15万公里
比亚迪,比亚迪e2,https://p3-dcd.byteimg.com/img/tos-cn-i-dcdx/b8781cd4b8d749f997db471d7ee5b563~tplv-resize:640:0.png,699,"[9.98, 10.68]",比亚迪,261,紧凑型车,纯电动,2023.04,6年或15万公里
起亚,赛图斯,https://p3-dcd.byteimg.com/img/tos-cn-i-dcdx/7fe56786e2be481da4a141a6d9364052~tplv-resize:640:0.png,697,"[11.99, 15.99]",起亚,262,紧凑型SUV,汽油,2023.04,3年或10万公里
东风风神,皓极,https://p3-dcd.byteimg.com/img/tos-cn-i-dcdx/68b2913fe7a54330b67436f95718fb7e~tplv-resize:640:0.png,691,"[12.69, 14.69]",东风乘用车,263,紧凑型SUV,汽油,2023.10,3年或10万公里
大众,威然,https://p3-dcd.byteimg.com/img/motor-mis-img/5dc411ad7f5c2d9d8d69255c864cfded~tplv-resize:640:0.png,685,"[26.48, 37.78]",上汽大众,264,中大型MPV,汽油,2023.08,3年或10万公里
领克,领克09 EM-P,https://p9-dcd.byteimg.com/img/tos-cn-i-dcdx/43d42784c111453bb242b0f9109ddab8~tplv-resize:640:0.png,683,"[28.79, 34.29]",领克,265,中大型SUV,插电式混合动力,2024.01,5年或10万公里
比亚迪,海豹,https://p9-dcd.byteimg.com/img/motor-mis-img/d7ab3d316e19b29973be27d746df2fa9~tplv-resize:640:0.png,678,"[18.48, 27.48]",比亚迪,266,中型车,纯电动,2023.05,6年或15万公里
江淮瑞风,瑞风M3,https://p9-dcd.byteimg.com/img/motor-mis-img/84b7fe67cf859ba3a518ab0d3d3bf073~tplv-resize:640:0.png,674,"[6.28, 12.49]",江汽集团,267,紧凑型MPV,油电混合,2023.12,3年或10万公里
东风风度,帕拉丁,https://p3-dcd.byteimg.com/img/tos-cn-i-dcdx/0bcc2774198b49a0888e3193bed0093a~tplv-resize:640:0.png,673,"[16.98, 23.98]",郑州日产,268,中型SUV,汽油,2024.02,3年或10万公里
奇瑞,风云A8,https://p3-dcd.byteimg.com/img/tos-cn-i-dcdx/0b64ed1738ea4ac7ba2d7578b79d585c~tplv-resize:640:0.png,668,"[10.19, 13.19]",奇瑞汽车,269,紧凑型车,插电式混合动力,2024.01,3年或10万公里
广汽传祺,传祺GS4,https://p3-dcd.byteimg.com/img/tos-cn-i-dcdx/0d580559172745108aaaa3b7e2aa8a18~tplv-resize:640:0.png,664,"[9.98, 10.68]",广汽乘用车,270,紧凑型SUV,汽油,2023.04,3年或10万公里
SWM斯威汽车,斯威G01,https://p3-dcd.byteimg.com/img/motor-mis-img/ebaf0a6393b02410b033ae200675abdc~tplv-resize:640:0.png,658,"[26.98, 26.98]",SWM斯威汽车,271,紧凑型SUV,汽油,2022.09,3年或6万公里
本田,ZR-V 致在,https://p3-dcd.byteimg.com/img/tos-cn-i-dcdx/d59738a62f53451bbcf05a4bc6bd907c~tplv-resize:640:0.png,587,"[12.49, 19.39]",广汽本田,281,紧凑型SUV,汽油,2023.02,3年或10万公里
阿维塔,阿维塔 11,https://p3-dcd.byteimg.com/img/tos-cn-i-dcdx/c080d03aba5e491496cc1dab532aded0~tplv-resize:640:0.png,579,"[30, 39]",阿维塔科技,282,中大型SUV,纯电动,2024.01,5年或12万公里
奥迪,奥迪A7L,https://p3-dcd.byteimg.com/img/motor-mis-img/2d8a5201cffa633101a59b71d00fafef~tplv-resize:640:0.png,577,"[37.87, 58.52]",上汽奥迪,283,中大型车,汽油,2024.03,3年或10万公里
红旗,红旗H9,https://p3-dcd.byteimg.com/img/tos-cn-i-dcdx/5a83a84460054405a374db60196ea265~tplv-resize:640:0.png,562,"[25.98, 81]",一汽红旗,284,中大型车,48V轻混系统,2023.08,4年或10万公里
极石汽车,极石01,https://p9-dcd.byteimg.com/img/tos-cn-i-dcdx/e61b5702879c422bb768326b2b69a896~tplv-resize:640:0.png,552,"[34.99, 35.99]",北京汽车制造厂,285,中大型SUV,增程式,2023.08,5年或10万公里
哈弗,哈弗枭龙MAX,https://p9-dcd.byteimg.com/img/tos-cn-i-dcdx/94de8037fafe42d78886694b51b82c12~tplv-resize:640:0.png,543,"[14.98, 16.98]",长城汽车,286,中型SUV,插电式混合动力,2023.05,6年或15万公里
丰田,凌放HARRIER,https://p3-dcd.byteimg.com/img/motor-mis-img/b797413d40370e0efc7a2dfa9b5e9cf7~tplv-resize:640:0.png,540,"[17.98, 26.68]",一汽丰田,287,中型SUV,汽油,2023.05,3年或10万公里
东风风光,风光MINIEV,https://p9-dcd.byteimg.com/img/motor-mis-img/d7c240b7c803e1ce776dddab51d26248~tplv-resize:640:0.png,537,"[3.26, 5.91]",东风小康,288,微型车,纯电动,2022.03,3年或10万公里
哪吒汽车,哪吒AYA,https://p3-dcd.byteimg.com/img/tos-cn-i-dcdx/181eb1cb372d46b292dc0c4da1a252a3~tplv-resize:640:0.png,536,"[6.58, 8.08]",合众汽车,289,小型SUV,纯电动,2023.08,3年或12万公里
北汽制造,锐胜王牌M7,https://p3-dcd.byteimg.com/img/tos-cn-i-dcdx/9ab40d5c662d43be9e3e28282ab17ad7~tplv-resize:640:0.png,531,"[5.98, 15.68]",北京汽车制造厂,290,中大型MPV,汽油,2024.01,3年或6万公里
大众,ID.7 VIZZION,https://p3-dcd.byteimg.com/img/tos-cn-i-dcdx/3a499c1503f94e379f3ae8e665cf41ed~tplv-resize:640:0.png,523,"[22.78, 26.28]",一汽-大众,291,中型车,纯电动,2023.12,3年或10万公里
吉利汽车,吉利ICON,https://p3-dcd.byteimg.com/img/motor-mis-img/1c4d6a1078cf0ab10fec8126528059d4~tplv-resize:640:0.png,511,"[9.49, 11.49]",吉利汽车,292,小型SUV,汽油,2022.08,4年或10万公里
捷途,捷途山海L9,https://p3-dcd.byteimg.com/img/tos-cn-i-dcdx/b9e5ca8991bf4b4e958169de5c91d192~tplv-resize:640:0.png,510,"[15.89, 18.09]",奇瑞汽车,293,中型SUV,插电式混合动力,2023.11,4年或10万公里
本田,本田UR-V,https://p3-dcd.byteimg.com/img/tos-cn-i-dcdx/f475084cc3e44000a686ed8f7a955963~tplv-resize:640:0.png,509,"[20.48, 28.78]",东风本田,294,中型SUV,汽油,2023.06,3年或10万公里
领克,领克06 EM-P,https://p3-dcd.byteimg.com/img/tos-cn-i-dcdx/0b14beda740d47ea8db4e20cec55f377~tplv-resize:640:0.png,503,"[13.08, 15.28]",领克,295,小型SUV,插电式混合动力,2023.11,5年或10万公里
大众,迈腾GTE,https://p3-dcd.byteimg.com/img/motor-mis-img/aa0da3e462123203481abf9ce80822a1~tplv-resize:640:0.png,502,"[19.79, 21.29]",一汽-大众,296,中型车,插电式混合动力,2021.12,3年或10万公里
星途,星纪元 ES,https://p3-dcd.byteimg.com/img/tos-cn-i-dcdx/37817ffe81ca4d6e81b819f76acb9970~tplv-resize:640:0.png,482,"[19.88, 31.98]",星途,297,中大型车,纯电动,2024.01,4年或12万公里
smart,smart精灵#1,https://p9-dcd.byteimg.com/img/motor-mis-img/d3dc084ea15c3a5ddb79094343132daa~tplv-resize:640:0.png,470,"[17.9, 28.49]",smart,298,小型SUV,纯电动,2024.01,4年或15万公里
奥迪,奥迪Q5L Sportback,https://p3-dcd.byteimg.com/img/motor-mis-img/2cc4f8515f1b80e13dab5fa1e84196f9~tplv-resize:640:0.png,463,"[31.46, 36.67]",一汽-大众奥迪,299,中型SUV,汽油,2023.10,3年或10万公里
丰田,凌尚,https://p3-dcd.byteimg.com/img/motor-mis-img/66e6bc900e196b8ffdb72e07bfe2b18e~tplv-resize:640:0.png,462,"[10.78, 13.78]",广汽丰田,300,紧凑型车,汽油,2023.03,3年或10万公里
SRM鑫源,海狮 EV,https://p3-dcd.byteimg.com/img/motor-mis-img/0a74400a76f63118d3640c7b6367eeb0~tplv-resize:640:0.png,457,"[14.48, 14.68]",鑫源汽车新能源,301,微面,纯电动,2021.03,3年或6万公里
哈弗,哈弗二代大狗PHEV,https://p9-dcd.byteimg.com/img/tos-cn-i-dcdx/d11ce6a2cca84e77aa13a17c6b3e461e~tplv-resize:640:0.png,451,"[15.48, 16.78]",长城汽车,302,中型SUV,插电式混合动力,2023.02,6年或15万公里
长安,逸动EV,https://p9-dcd.byteimg.com/img/motor-mis-img/436afddc96adbf1bea9ad5e693d13a35~tplv-resize:640:0.png,449,"[14.99, 15.99]",长安汽车,303,紧凑型车,纯电动,2024.01,1年或12万公里
捷豹,捷豹XEL,https://p3-dcd.byteimg.com/img/tos-cn-i-dcdx/738f5783073047c080a6da837c236b97~tplv-resize:640:0.png,447,"[19.5, 21.5]",奇瑞捷豹路虎,304,中型车,汽油,2023.10,3年或10万公里
大众,探岳X,https://p3-dcd.byteimg.com/img/motor-mis-img/2354614b33fc510dcae00876a4a23d77~tplv-resize:640:0.png,438,"[18.99, 21.99]",一汽-大众,305,中型SUV,汽油,2023.03,3年或10万公里
五菱汽车,凯捷Victory,https://p9-dcd.byteimg.com/img/motor-mis-img/5fff844965c8fbb2cb26be058db9e276~tplv-resize:640:0.png,431,"[8.28, 14.68]",上汽通用五菱,306,紧凑型MPV,汽油,2023.11,3年或10万公里
红旗,红旗HS7,https://p3-dcd.byteimg.com/img/tos-cn-i-dcdx/d88db156ed514c43a111d5f57a4e797d~tplv-resize:640:0.png,420,"[23.58, 31.58]",一汽红旗,307,中大型SUV,48V轻混系统,2023.08,4年或10万公里
广汽传祺,传祺ES9 PHEV,https://p9-dcd.byteimg.com/img/tos-cn-i-dcdx/15c11682cdb54abfa9538ad08c148c9c~tplv-resize:640:0.png,418,"[22.98, 26.98]",广汽乘用车,308,中大型SUV,插电式混合动力,2023.10,5年或15万公里
SWM斯威汽车,斯威大虎,https://p3-dcd.byteimg.com/img/motor-mis-img/58e560b3d39624fd34bf2c2fd9d0135f~tplv-resize:640:0.png,414,"[5.99, 7.89]",SWM斯威汽车,309,中型SUV,汽油,2022.08,3年或6万公里
蔚来,蔚来ES8,https://p3-dcd.byteimg.com/img/tos-cn-i-dcdx/94095b474bee49fe9cf4700d9f323b90~tplv-resize:640:0.png,414,"[49.8, 59.8]",蔚来,310,中大型SUV,纯电动,2024.02,3年或12万公里
极氪,ZEEKR X,https://p9-dcd.byteimg.com/img/tos-cn-i-dcdx/33b96f679225419d89ce5e5e2d36ac47~tplv-resize:640:0.png,411,"[18.98, 22.98]",极氪,311,紧凑型SUV,纯电动,2024.01,4年或10万公里
江淮瑞风,瑞风E3,https://p3-dcd.byteimg.com/img/motor-mis-img/9b9b2bcb01b623c18ed53331a08ff11b~tplv-resize:640:0.png,410,"[16.48, 19.88]",江汽集团,312,紧凑型MPV,纯电动,2024.02,3年或10万公里
沃尔沃,沃尔沃XC40,https://p3-dcd.byteimg.com/img/motor-mis-img/6a1caf1b4b697cab56088b3ebb92180c~tplv-resize:640:0.png,406,"[21.5, 30]",沃尔沃亚太,313,紧凑型SUV,48V轻混系统,2023.07,3年不限公里
奔驰,奔驰EQB,https://p9-dcd.byteimg.com/img/tos-cn-i-dcdx/0ce310756305451683f1d6b201f17352~tplv-resize:640:0.png,405,"[18.94, 23.13]",北京奔驰,314,紧凑型SUV,纯电动,2023.09,3年不限公里
魏牌,高山,https://p3-dcd.byteimg.com/img/tos-cn-i-dcdx/e103bde0f6544d958a6284658161c38f~tplv-resize:640:0.png,403,"[33.58, 40.58]",长城汽车,315,中大型MPV,插电式混合动力,2023.10,6年或15万公里
凯迪拉克,凯迪拉克CT6,https://p3-dcd.byteimg.com/img/tos-cn-i-dcdx/1effd18860ed46a9873ed3b7e2552f7b~tplv-resize:640:0.png,400,"[30.47, 41.47]",上汽通用凯迪拉克,316,中大型车,汽油,2023.05,3年不限公里
现代,库斯途,https://p3-dcd.byteimg.com/img/motor-mis-img/b8003b7e07498026bae4c0eef2ac8b4f~tplv-resize:640:0.png,400,"[15.08, 19.98]",北京现代,317,中大型MPV,汽油,2022.05,5年或10万公里
智己汽车,智己LS7,https://p3-dcd.byteimg.com/img/tos-cn-i-dcdx/54f6f3a1df194fefb451ad6404921f0a~tplv-resize:640:0.png,395,"[24.98, 44.98]",智己汽车,318,中大型SUV,纯电动,2023.06,5年或15万公里
星途,星途揽月,https://p3-dcd.byteimg.com/img/tos-cn-i-dcdx/c271cffb3ca74bedaa33e218863439d4~tplv-resize:640:0.png,392,"[17.59, 22.09]",星途,319,中大型SUV,汽油,2023.11,3年或10万公里
吉利几何,吉利几何G6,https://p3-dcd.byteimg.com/img/tos-cn-i-dcdx/2aa2a7143c4c4d849d972ea8ee260ca2~tplv-resize:640:0.png,392,"[11.98, 18.28]",吉利几何,320,紧凑型车,纯电动,2023.09,4年或12万公里
启辰,启辰VX6,https://p3-dcd.byteimg.com/img/tos-cn-i-dcdx/de8d87c33dcb4bcbb18ea3db22b8462c~tplv-resize:640:0.png,386,"[13.59, 15.39]",东风日产,321,紧凑型SUV,纯电动,2023.11,3年或10万公里
五菱汽车,五菱星云,https://p3-dcd.byteimg.com/img/tos-cn-i-dcdx/8e1e7ccb63a5461ca752b715b97dcba2~tplv-resize:640:0.png,386,"[8.68, 10.28]",上汽通用五菱,322,紧凑型SUV,油电混合,2023.09,3年或10万公里
比亚迪,唐EV,https://p3-dcd.byteimg.com/img/tos-cn-i-dcdx/0e4eb3c18a9b4970b9fb9102879d383a~tplv-resize:640:0.png,380,"[21.98, 26.98]",比亚迪,323,中型SUV,纯电动,2023.08,6年或15万公里
奥迪,奥迪Q6,https://p3-dcd.byteimg.com/img/motor-mis-img/f2c6590230ea9e5dafc638dfb7091ab0~tplv-resize:640:0.png,370,"[43.96, 57.56]",上汽奥迪,324,中大型SUV,汽油,2024.01,3年或10万公里
五菱汽车,五菱Air ev晴空,https://p9-dcd.byteimg.com/img/tos-cn-i-dcdx/8c27ef5a5a234a1d8d74da44fb388893~tplv-resize:640:0.png,369,"[5.38, 6.58]",上汽通用五菱,325,微型车,纯电动,2022.12,3年或10万公里
岚图,岚图追光 PHEV,https://p9-dcd.byteimg.com/img/tos-cn-i-dcdx/f403f07775ae4a8f8f23694d07236baa~tplv-resize:640:0.png,366,"[24.28, 26.78]",岚图汽车,326,中大型车,插电式混合动力,2023.12,5年或10万公里
大众,途铠,https://p3-dcd.byteimg.com/img/motor-mis-img/c21b08981b849be7a38cfb49f038d530~tplv-resize:640:0.png,366,"[9.59, 14.19]",上汽大众,327,小型SUV,汽油,2023.05,3年或10万公里
哈弗,哈弗H5,https://p3-dcd.byteimg.com/img/tos-cn-i-dcdx/fe308dc65e0c4b218cd26a55fc3b8728~tplv-resize:640:0.png,364,"[11.98, 15.48]",长城汽车,328,大型SUV,汽油,2024.03,3年或10万公里
奔驰,奔驰EQE,https://p3-dcd.byteimg.com/img/motor-mis-img/4ea57237b66d26a84ae6dcc9adc0af6f~tplv-resize:640:0.png,364,"[28.13, 33.43]",北京奔驰,329,中大型车,纯电动,2022.08,3年不限公里
别克,别克E5,https://p3-dcd.byteimg.com/img/tos-cn-i-dcdx/433e3405bbac450d83a939bd75ae6c16~tplv-resize:640:0.png,363,"[16.99, 24.99]",上汽通用别克,330,中大型SUV,纯电动,2024.02,3年或10万公里
飞凡汽车,飞凡R7,https://p9-dcd.byteimg.com/img/tos-cn-i-dcdx/0411511da1c7449094e840d419972f01~tplv-resize:640:0.png,361,"[18.99, 22.99]",飞凡汽车,331,中大型SUV,纯电动,2023.11,5年或12万公里
大运,远志M1,https://p3-dcd.byteimg.com/img/motor-mis-img/1391df865bb70731fc6a7ad8cce7f124~tplv-resize:640:0.png,359,"[17.78, 28.88]",大运汽车,332,中型MPV,纯电动,2023.11,3年或12万公里
本田,雅阁 PHEV,https://p9-dcd.byteimg.com/img/tos-cn-i-dcdx/22cc55c748b24c929e94f9ab5fe5b4f2~tplv-resize:640:0.png,357,"[20.58, 23.88]",广汽本田,333,中型车,插电式混合动力,2024.01,3年或10万公里
林肯,林肯Z,https://p9-dcd.byteimg.com/img/tos-cn-i-dcdx/a305562de81246adb67682d952cbf6c9~tplv-resize:640:0.png,355,"[21.58, 34.58]",长安林肯,334,中型车,汽油,2024.03,5年或14万公里
北汽制造,元宝,https://p9-dcd.byteimg.com/img/motor-mis-img/99bb51329fafa5120ad763c8e97a3c22~tplv-resize:640:0.png,352,"[2.97, 5.19]",北京汽车制造厂,335,微型车,纯电动,2023.03,3年或10万公里
捷豹,捷豹XFL,https://p9-dcd.byteimg.com/img/tos-cn-i-dcdx/ff4471d5fe15485abe12491dc23c2c78~tplv-resize:640:0.png,351,"[24.53, 33]",奇瑞捷豹路虎,336,中大型车,汽油,2024.02,3年或10万公里
起亚,奕跑,https://p3-dcd.byteimg.com/img/motor-mis-img/3634d1e1b33e9b6c6c8163d55fcca20c~tplv-resize:640:0.png,348,"[6.93, 8.33]",起亚,337,小型SUV,汽油,2021.06,3年或10万公里
江铃集团新能源,小麒麟,https://p9-dcd.byteimg.com/img/tos-cn-i-dcdx/d13f128f45534d52b3ea09b9214b96b2~tplv-resize:640:0.png,340,"[4.99, 5.89]",江铃集团新能源,338,微型车,纯电动,2023.08,3年或6万公里
长安欧尚,奔奔E-Star,https://p9-dcd.byteimg.com/img/motor-mis-img/5a66c6bc0c1d71c7e6f68f53b902d1b9~tplv-resize:640:0.png,339,"[6.79, 6.79]",长安汽车,339,小型车,纯电动,2023.05,3年或12万公里
东风风光,风光500,https://p3-dcd.byteimg.com/img/motor-mis-img/e70c2c39ab8b0a1e6e4d38c67e96c92f~tplv-resize:640:0.png,335,"[5.68, 8.58]",东风小康,340,紧凑型SUV,汽油,2021.08,7年或15万公里
福特,领裕,https://p9-dcd.byteimg.com/img/tos-cn-i-dcdx/af5d7d24a04348fa954883a25310b018~tplv-resize:640:0.png,325,"[14.88, 19.68]",江铃福特,341,中大型SUV,汽油,2023.02,3年或10万公里
丰田,奕泽IZOA,https://p3-dcd.byteimg.com/img/motor-mis-img/032f79481ca76533e7a56d98770ad4e3~tplv-resize:640:0.png,325,"[12.48, 16.48]",一汽丰田,342,小型SUV,汽油,2023.05,3年或10万公里
五菱汽车,五菱征程,https://p3-dcd.byteimg.com/img/motor-mis-img/14a5f4d31b2390bbe29d1e2ed5c86725~tplv-resize:640:0.png,325,"[6.98, 9.03]",上汽通用五菱,343,中大型MPV,汽油,2022.09,3年或6万公里
奔驰,奔驰EQA,https://p3-dcd.byteimg.com/img/motor-mis-img/479c2d42a3fdaafed831cd8b668c751e~tplv-resize:640:0.png,319,"[16.27, 16.27]",北京奔驰,344,紧凑型SUV,纯电动,2023.09,3年不限公里
本田,本田e:NS1,https://p3-dcd.byteimg.com/img/tos-cn-i-dcdx/0a57ed27aacd44b481e78ac2404d68e1~tplv-resize:640:0.png,318,"[14.7, 19]",东风本田,345,小型SUV,纯电动,2022.04,3年或12万公里
凯翼,凯翼昆仑,https://p3-dcd.byteimg.com/img/tos-cn-i-dcdx/a385d82599504854a61d9db1639a5daf~tplv-resize:640:0.png,317,"[9.99, 16.99]",凯翼汽车,346,中型SUV,汽油,2023.03,4年或10万公里
斯柯达,速派,https://p3-dcd.byteimg.com/img/motor-mis-img/2b48a7e90d9cc764cb4828a3de87e1f4~tplv-resize:640:0.png,313,"[13.19, 15.19]",上汽大众斯柯达,347,中型车,汽油,2023.11,3年或10万公里
日产,探陆,https://p3-dcd.byteimg.com/img/tos-cn-i-dcdx/1e9d215e79504327b7fcee191d8caaf4~tplv-resize:640:0.png,312,"[21.28, 27.48]",东风日产,348,中大型SUV,汽油,2024.03,3年或10万公里
马自达,马自达CX-50行也,https://p3-dcd.byteimg.com/img/tos-cn-i-dcdx/cd69fe0e126842e7ac2d6c942972143f~tplv-resize:640:0.png,312,"[14.98, 22.68]",长安马自达,349,紧凑型SUV,汽油,2023.05,3年或10万公里
本田,本田CR-V PHEV,https://p9-dcd.byteimg.com/img/tos-cn-i-dcdx/0047a45a573a45fcbfe7e58c31d36acd~tplv-resize:640:0.png,311,"[21.09, 25.49]",东风本田,350,紧凑型SUV,插电式混合动力,2023.03,3年或10万公里
雪佛兰,迈锐宝XL,https://p3-dcd.byteimg.com/img/motor-mis-img/8171a91a9f3017a9001e682797dc5f77~tplv-resize:640:0.png,311,"[11.09, 15.49]",上汽通用雪佛兰,351,中型车,汽油,2023.06,3年或10万公里
东风风光,风光330,https://p9-dcd.byteimg.com/img/motor-mis-img/6f7c31bce10482b0e6b2db15654441e8~tplv-resize:640:0.png,302,"[4.19, 6.88]",东风小康,352,紧凑型MPV,汽油,2023.10,7年或20万公里
东风风行,风行雷霆,https://p9-dcd.byteimg.com/img/tos-cn-i-dcdx/208be4380d144330a1968e5c32356d41~tplv-resize:640:0.png,302,"[11.49, 22.49]",东风风行,353,紧凑型SUV,纯电动,2023.11,8年或16万公里
创维汽车,创维HT-i,https://p3-dcd.byteimg.com/img/motor-mis-img/7f6a5a194cb36018cb6e25a5f1a0b9e9~tplv-resize:640:0.png,300,"[12.58, 31.68]",创维汽车,354,中型SUV,插电式混合动力,2024.03,5年或15万公里
起亚,智跑,https://p9-dcd.byteimg.com/img/motor-mis-img/93ee7cb27ef156bcbacc11dc008960e1~tplv-resize:640:0.png,300,"[12.98, 14.78]",起亚,355,紧凑型SUV,汽油,2021.07,5年或10万公里
iCAR,iCAR 03,https://p3-dcd.byteimg.com/img/tos-cn-i-dcdx/7891f1e871dd46ba97a43cb90fc7ee80~tplv-resize:640:0.png,296,"[10.98, 16.98]",奇瑞新能源,356,紧凑型SUV,纯电动,2024.02,4年或12万公里
大众,探影,https://p9-dcd.byteimg.com/img/motor-mis-img/1f13ff8a44ab52143390f45ff0a7b8b5~tplv-resize:640:0.png,295,"[8.59, 13.09]",一汽-大众,357,小型SUV,汽油,2023.09,3年或10万公里
腾势,腾势N7,https://p9-dcd.byteimg.com/img/tos-cn-i-dcdx/c20f7e65103b4758bbb66f1a595f799c~tplv-resize:640:0.png,294,"[25.18, 32.98]",腾势汽车,358,中型SUV,纯电动,2023.07,6年或15万公里
奔驰,奔驰EQE SUV,https://p3-dcd.byteimg.com/img/tos-cn-i-dcdx/da44c6ddf2c749f9b375e91baaeecd08~tplv-resize:640:0.png,293,"[29.52, 43.98]",北京奔驰,359,中大型SUV,纯电动,2023.12,3年不限公里
北京,北京BJ60,https://p9-dcd.byteimg.com/img/motor-mis-img/a1d19a6232689b9e0f3e59ac314a91c7~tplv-resize:640:0.png,293,"[23.98, 28.58]",北京汽车,360,中大型SUV,48V轻混系统,2023.09,5年或15万公里
凯翼,凯翼拾月,https://p9-dcd.byteimg.com/img/tos-cn-i-dcdx/d654726800a34ad197462e1a65864112~tplv-resize:640:0.png,289,"[5.39, 9.98]",凯翼汽车,361,微型车,纯电动,2023.11,3年或12万公里
奥迪,奥迪Q3 Sportback,https://p3-dcd.byteimg.com/img/tos-cn-i-dcdx/5bcc38dbfe224058a45bfccef3d561c4~tplv-resize:640:0.png,287,"[20.5, 25.33]",一汽-大众奥迪,362,紧凑型SUV,汽油,2023.08,3年或10万公里
斯柯达,柯米克GT,https://p3-dcd.byteimg.com/img/motor-mis-img/b107ac26e249c23a271698a4c770fb62~tplv-resize:640:0.png,283,"[9.99, 9.99]",上汽大众斯柯达,363,小型SUV,汽油,2023.11,3年或10万公里
东风风光,风光380,https://p3-dcd.byteimg.com/img/motor-mis-img/e87c65ae4c1e522f6a6e6c7eb2ed110d~tplv-resize:640:0.png,281,"[5.28, 6.08]",东风小康,364,微面,汽油,2022.06,3年或6万公里
哈弗,哈弗H9,https://p3-dcd.byteimg.com/img/motor-mis-img/f4d73dc8d64af9db71aa8ab11543b329~tplv-resize:640:0.png,279,"[19.48, 25.98]",长城汽车,365,中大型SUV,汽油,2021.09,3年或10万公里
吉利汽车,星瑞L,https://p3-dcd.byteimg.com/img/tos-cn-i-dcdx/00919a7f53f64b5a8458267e3ced78f9~tplv-resize:640:0.png,278,"[12.37, 14.37]",吉利汽车,366,紧凑型车,油电混合,2023.12,5年或15万公里
荣威,荣威eRX5,https://p3-dcd.byteimg.com/img/tos-cn-i-dcdx/e6c1c61db1b244cd87614a65ebe5ac0e~tplv-resize:640:0.png,274,"[12.79, 13.99]",上汽集团,367,紧凑型SUV,插电式混合动力,2022.08,3年或10万公里
上汽大通MAXUS,大通G10,https://p3-dcd.byteimg.com/img/motor-mis-img/0278cd781f8003a738f78e3a89038863~tplv-resize:640:0.png,272,"[11.58, 18.58]",上汽大通,368,中大型MPV,压缩天然气(CNG),2024.01,3年或6万公里
昊铂,昊铂HT,https://p3-dcd.byteimg.com/img/tos-cn-i-dcdx/bc9ee36e26cb46619a5f4ff8ba186b46~tplv-resize:640:0.png,268,"[21.39, 32.99]",广汽埃安新能源,369,中大型SUV,纯电动,2023.11,6年或15万公里
奥迪,奥迪Q5 e-tron,https://p3-dcd.byteimg.com/img/motor-mis-img/6a288e43d3e85af91ecebda0776126cb~tplv-resize:640:0.png,260,"[26.85, 37.75]",上汽奥迪,371,中大型SUV,纯电动,2023.04,3年或10万公里
smart,smart精灵#3,https://p3-dcd.byteimg.com/img/tos-cn-i-dcdx/ce918680652d4e4db03cb38be9e2e23d~tplv-resize:640:0.png,256,"[20.99, 28.99]",smart,372,紧凑型SUV,纯电动,2024.01,4年或15万公里
睿蓝汽车,睿蓝7,https://p3-dcd.byteimg.com/img/tos-cn-i-dcdx/64fcc4a61921451a92fba19edd358d41~tplv-resize:640:0.png,254,"[11.77, 17.97]",睿蓝汽车,373,紧凑型SUV,纯电动,2024.01,6年或15万公里
东风风行,风行T5,https://p3-dcd.byteimg.com/img/motor-mis-img/f064dda2650019f6c0ba1e1f1a96135c~tplv-resize:640:0.png,253,"[6.29, 12.49]",东风风行,374,紧凑型SUV,汽油,2023.11,8年或16万公里
凌宝汽车,凌宝BOX,https://p3-dcd.byteimg.com/img/motor-mis-img/9d72dc64d09e5287ae96d903ebcc638d~tplv-resize:640:0.png,250,"[3.98, 6.88]",吉麦新能源,375,微型车,纯电动,2024.01,3年或6万公里
奔腾,奔腾NAT,https://p9-dcd.byteimg.com/img/motor-mis-img/86e59b68321279091b353bb89ec0d411~tplv-resize:640:0.png,247,"[14.78, 16.48]",一汽奔腾,376,紧凑型MPV,纯电动,2023.02,3年或30万公里
小虎,小虎FEV,https://p3-dcd.byteimg.com/img/motor-mis-img/9265da77f9e501614776f2afe7afa78f~tplv-resize:640:0.png,244,"[4.19, 5.59]",宏瑞汽车,377,微型车,纯电动,2022.03,3年或6万公里
宝骏,云朵,https://p3-dcd.byteimg.com/img/tos-cn-i-dcdx/f7956c20545c4c87ba29f4b30e6caaf9~tplv-resize:640:0.png,243,"[9.58, 14.58]",上汽通用五菱,378,紧凑型车,纯电动,2023.08,3年或10万公里
岚图,岚图梦想家 EV,https://p3-dcd.byteimg.com/img/motor-mis-img/f555a18ac28d80c7e938d27b137da439~tplv-resize:640:0.png,240,"[33.99, 68.99]",岚图汽车,379,中大型MPV,纯电动,2023.12,5年或10万公里
斯柯达,柯珞克,https://p9-dcd.byteimg.com/img/motor-mis-img/f2176b645be4a6b2cb11efbd76de5b0f~tplv-resize:640:0.png,236,"[11.49, 11.99]",上汽大众斯柯达,380,紧凑型SUV,汽油,2023.10,3年或10万公里
北京汽车,魔方,https://p3-dcd.byteimg.com/img/motor-mis-img/6484b5e44861629ef049ac3c1ce3635b~tplv-resize:640:0.png,235,"[8.99, 12.19]",北京汽车,381,紧凑型SUV,汽油,2023.10,5年或10万公里
腾势,腾势D9 EV,https://p9-dcd.byteimg.com/img/tos-cn-i-dcdx/7751ba552d384a5aa57d20cc58876b29~tplv-resize:640:0.png,203,"[37.08, 46.98]",腾势汽车,391,中大型MPV,纯电动,2024.03,6年或15万公里
欧拉,欧拉闪电猫,https://p3-dcd.byteimg.com/img/motor-mis-img/9a42521e00f5301bbf77aaec4f602946~tplv-resize:640:0.png,201,"[15.68, 23.68]",长城汽车,392,中型车,纯电动,2022.10,5年或15万公里
丰田,亚洲狮,https://p3-dcd.byteimg.com/img/motor-mis-img/425ce00970c41af596f5fb6d21b7fed9~tplv-resize:640:0.png,200,"[11.68, 15.48]",一汽丰田,393,紧凑型车,汽油,2023.05,3年或10万公里
东风风光,风光580,https://p3-dcd.byteimg.com/img/motor-mis-img/81ce7abfa259e4a8e2764f1000f284d5~tplv-resize:640:0.png,193,"[7.99, 12.99]",东风小康,394,中型SUV,汽油,2021.11,7年或15万公里
大众,ID.6 CROZZ,https://p3-dcd.byteimg.com/img/tos-cn-i-dcdx/bfe72d8d82e24fab93410c6b07179b38~tplv-resize:640:0.png,184,"[19.69, 27.49]",一汽-大众,395,中大型SUV,纯电动,2023.09,3年或10万公里
奔腾,奔腾T77,https://p3-dcd.byteimg.com/img/tos-cn-i-dcdx/208b41b8440a4604b8b663b5a81cfae1~tplv-resize:640:0.png,183,"[9.98, 10.88]",一汽奔腾,396,紧凑型SUV,汽油,2022.12,3年或10万公里
星途,星途追风,https://p3-dcd.byteimg.com/img/tos-cn-i-dcdx/04e86b0d24e647f6ae1fae3ef6b32be3~tplv-resize:640:0.png,179,"[10.29, 16.29]",星途,397,紧凑型SUV,汽油,2023.09,3年或10万公里
标致,标致408X,https://p3-dcd.byteimg.com/img/tos-cn-i-dcdx/4211faff193940beab4af0d54f89ec2d~tplv-resize:640:0.png,179,"[14.07, 17.47]",东风标致,398,中型车,汽油,2023.04,5年或15万公里
宝马,宝马iX1,https://p3-dcd.byteimg.com/img/tos-cn-i-dcdx/95a97101ab9a485e88774be29273a9ea~tplv-resize:640:0.png,177,"[22.6, 23.5]",华晨宝马,399,紧凑型SUV,纯电动,2023.08,3年或10万公里
名爵,MG4 EV,https://p9-dcd.byteimg.com/img/tos-cn-i-dcdx/798b4dc1a776470c9d5ebf6dae3be966~tplv-resize:640:0.png,177,"[11.58, 17.48]",上汽集团,400,紧凑型车,纯电动,2023.09,3年或10万公里
丰田,广汽丰田铂智4X,https://p9-dcd.byteimg.com/img/tos-cn-i-dcdx/07e52f01f31940cbbc530d237e7fc671~tplv-resize:640:0.png,174,"[17.98, 23.88]",广汽丰田,401,中型SUV,纯电动,2023.11,3年或10万公里
荣威,荣威iMAX8,https://p3-dcd.byteimg.com/img/tos-cn-i-dcdx/6db94c2ed63e49d6a42eba931d90c2c0~tplv-resize:640:0.png,173,"[18.58, 25.58]",上汽集团,402,中大型MPV,汽油,2023.03,3年或10万公里
名爵,MG ONE,https://p3-dcd.byteimg.com/img/tos-cn-i-dcdx/6aca48597c4c478195acd0dbcee6aa10~tplv-resize:640:0.png,167,"[9.98, 13.08]",上汽集团,403,紧凑型SUV,汽油,2023.07,3年或10万公里
本田,本田LIFE,https://p9-dcd.byteimg.com/img/tos-cn-i-dcdx/be382f51ae294caca8a0db835819303a~tplv-resize:640:0.png,166,"[8.78, 10.28]",东风本田,404,小型车,汽油,2023.01,3年或10万公里
凯翼,炫界Pro EV,https://p9-dcd.byteimg.com/img/motor-mis-img/297b50a8f659602e2fd62223e67c0c2a~tplv-resize:640:0.png,166,"[11.99, 17.66]",凯翼汽车,405,紧凑型SUV,纯电动,2023.09,3年或10万公里
北京汽车,北京X7,https://p3-dcd.byteimg.com/img/tos-cn-i-dcdx/67658ecc813347a7ac755fe72b5123ad~tplv-resize:640:0.png,159,"[10.49, 14.99]",北京汽车,406,紧凑型SUV,汽油,2023.04,5年或10万公里
起亚,起亚EV5,https://p9-dcd.byteimg.com/img/tos-cn-i-dcdx/8c0e92457a3c418d96d170d35af6afd6~tplv-resize:640:0.png,159,"[14.98, 22.58]",起亚,407,紧凑型SUV,纯电动,2024.02,5年或10万公里
东风风行,风行T5 EVO,https://p3-dcd.byteimg.com/img/tos-cn-i-dcdx/3bf531df6ea944619da286295d32c5c6~tplv-resize:640:0.png,157,"[8.99, 13.19]",东风风行,408,紧凑型SUV,汽油,2023.05,8年或16万公里
别克,昂科旗,https://p9-dcd.byteimg.com/img/motor-mis-img/bc901ffc4cc27ad809db884987ea9edc~tplv-resize:640:0.png,155,"[23.49, 29.49]",上汽通用别克,409,中大型SUV,48V轻混系统,2021.08,3年或10万公里
福特,EVOS,https://p3-dcd.byteimg.com/img/motor-mis-img/62f1f5c9892cfbf4cf1c75e071638aa7~tplv-resize:640:0.png,153,"[16.48, 22.48]",长安福特,410,中型SUV,汽油,2021.11,3年或10万公里
沃尔沃,沃尔沃XC60 RECHARGE,https://p3-dcd.byteimg.com/img/motor-mis-img/fc3ab417cc4308639925ee54f86c7419~tplv-resize:640:0.png,151,"[39.09, 46.49]",沃尔沃亚太,411,中型SUV,插电式混合动力,2023.07,3年不限公里
岚图,岚图追光,https://p3-dcd.byteimg.com/img/tos-cn-i-dcdx/45e0ac325fd04a4e8b1ce482ce1be56e~tplv-resize:640:0.png,150,"[27.29, 33.59]",岚图汽车,412,中大型车,纯电动,2023.04,5年或10万公里
荣威,荣威iMAX8 EV,https://p3-dcd.byteimg.com/img/motor-mis-img/9939c7a9f9fe0f62a15eb3c074b52123~tplv-resize:640:0.png,149,"[25.98, 35.98]",上汽集团,413,中大型MPV,纯电动,2022.08,6年或15万公里
极越,极越01,https://p3-dcd.byteimg.com/img/tos-cn-i-dcdx/6aeec3e3226c44e793dc6c8b3231143d~tplv-resize:640:0.png,147,"[21.99, 30.99]",极越,414,中大型SUV,纯电动,2023.10,4年或10万公里
海马,海马7X,https://p9-dcd.byteimg.com/img/motor-mis-img/0ccdcce434e8438ddd85acf1f1502c03~tplv-resize:640:0.png,145,"[12.98, 16.38]",一汽海马,415,紧凑型MPV,汽油,2023.08,5年或10万公里
思铭,东风本田M-NV,https://p9-dcd.byteimg.com/img/motor-mis-img/b20ad2749ca184a995d7d9b88d20b147~tplv-resize:640:0.png,143,"[10.78, 11.78]",东风本田,416,小型SUV,纯电动,2023.06,3年或12万公里
睿蓝汽车,枫叶60s,https://p3-dcd.byteimg.com/img/motor-mis-img/22ab00035ad9fd4ac71b8baf75aa7293~tplv-resize:640:0.png,141,"[9.98, 15.98]",睿蓝汽车,417,紧凑型车,纯电动,2023.03,1年或15万公里
凯迪拉克,凯迪拉克CT4,https://p3-dcd.byteimg.com/img/tos-cn-i-dcdx/5312e1be61924f1988aaf45a2d8bfbb0~tplv-resize:640:0.png,139,"[16.97, 20.97]",上汽通用凯迪拉克,418,中型车,汽油,2022.11,3年不限里程
雪佛兰,探界者,https://p3-dcd.byteimg.com/img/motor-mis-img/d0cade284d533a6e482e19d58e728e01~tplv-resize:640:0.png,139,"[11.99, 17.49]",上汽通用雪佛兰,419,中型SUV,汽油,2023.05,3年或10万公里
蔚来,蔚来ET7,https://p3-dcd.byteimg.com/img/tos-cn-i-dcdx/92006669007e4306aca312150cf83bff~tplv-resize:640:0.png,135,"[42.8, 50.6]",蔚来,420,中大型车,纯电动,2023.04,3年或12万公里
江淮钇为,爱跑,https://p3-dcd.byteimg.com/img/tos-cn-i-dcdx/99c0e84612604e6bb00ed8b4c57a1ab5~tplv-resize:640:0.png,135,"[15.29, 18.99]",江汽集团,421,紧凑型车,纯电动,2024.01,3年或10万公里
凯迪拉克,凯迪拉克XT6,https://p3-dcd.byteimg.com/img/motor-mis-img/6d647af5a9e836b52664a4b0e679b4ea~tplv-resize:640:0.png,132,"[31.97, 42.97]",上汽通用凯迪拉克,422,中大型SUV,48V轻混系统,2021.08,3年不限公里
雪铁龙,天逸 C5 AIRCROSS,https://p9-dcd.byteimg.com/img/tos-cn-i-dcdx/c93b0bba962f40328e628f302b03c6d6~tplv-resize:640:0.png,132,"[14.77, 16.97]",东风雪铁龙,423,紧凑型SUV,汽油,2023.08,5年或15万公里
标致,标致508L,https://p9-dcd.byteimg.com/img/tos-cn-i-dcdx/e3b8a7573b784ab388129d474b434366~tplv-resize:640:0.png,127,"[15.87, 20.27]",东风标致,424,中型车,汽油,2023.08,5年或15万公里
红旗,红旗E-HS9,https://p3-dcd.byteimg.com/img/motor-mis-img/fb5c6d20cd6044b28f6eec55dcd6c61c~tplv-resize:640:0.png,125,"[47.78, 74.78]",一汽红旗,425,大型SUV,纯电动,2024.03,4年或10万公里
斯柯达,柯迪亚克,https://p3-dcd.byteimg.com/img/motor-mis-img/bdbd1bffe440a691fb9e8c37ab20e8f6~tplv-resize:640:0.png,125,"[16.19, 21.39]",上汽大众斯柯达,426,中型SUV,汽油,2023.10,3年或10万公里
东风风行,菱智M5 EV,https://p9-dcd.byteimg.com/img/motor-mis-img/15d17f467e2b685be5487fe2fcad8df9~tplv-resize:640:0.png,123,"[13.49, 19.19]",东风风行,427,中型MPV,纯电动,2023.11,5年或10万公里
东风风光,风光ix5,https://p9-dcd.byteimg.com/img/motor-mis-img/9519498106439cdc90e3620b34127cfb~tplv-resize:640:0.png,120,"[9.98, 16.59]",东风小康,428,中型SUV,汽油,2022.05,7年或15万公里
大众,途观L PHEV,https://p3-dcd.byteimg.com/img/motor-mis-img/78839f72969927901241f358c5115d2c~tplv-resize:640:0.png,120,"[22.11, 23.2]",上汽大众,429,中型SUV,插电式混合动力,2022.08,3年或10万公里
日产,ARIYA 艾睿雅,https://p9-dcd.byteimg.com/img/motor-mis-img/c16b1a2dfa6203ff91b2a3d20e20bceb~tplv-resize:640:0.png,120,"[15.99, 22.79]",东风日产,430,紧凑型SUV,纯电动,2023.07,3年或10万公里
蔚来,蔚来EC7,https://p9-dcd.byteimg.com/img/tos-cn-i-dcdx/885a4f39f1d84a7aadde3c114219c1dd~tplv-resize:640:0.png,119,"[45.8, 54.8]",蔚来,431,中大型SUV,纯电动,2024.02,3年或12万公里
飞凡汽车,飞凡F7,https://p3-dcd.byteimg.com/img/tos-cn-i-dcdx/05418ae564404a428099f08313bb880d~tplv-resize:640:0.png,119,"[18.99, 27.19]",飞凡汽车,432,中大型车,纯电动,2023.11,5年或12万公里
雪佛兰,开拓者,https://p9-dcd.byteimg.com/img/motor-mis-img/87022b02e646f4a4204f2cb8f323d5ca~tplv-resize:640:0.png,116,"[19.49, 26.69]",上汽通用雪佛兰,433,中大型SUV,48V轻混系统,2023.07,3年或10万公里
长安,长安UNI-V 智电iDD,https://p3-dcd.byteimg.com/img/tos-cn-i-dcdx/6ac66805601f4925995bbfd2f85e2af4~tplv-resize:640:0.png,116,"[12.79, 14.29]",长安汽车,434,紧凑型车,插电式混合动力,2023.02,3年或12万公里
智己汽车,智己L7,https://p3-dcd.byteimg.com/img/tos-cn-i-dcdx/14e4fda4fe4a4f9493be5a3be9b087f8~tplv-resize:640:0.png,114,"[29.99, 57.88]",智己汽车,435,中大型车,纯电动,2024.02,待公布
荣威,CLEVER,https://p3-dcd.byteimg.com/img/motor-mis-img/0df783917aab490ada07cd607aa9dedf~tplv-resize:640:0.png,113,"[5.99, 5.99]",上汽集团,436,微型车,纯电动,2022.03,3年或10万公里
宝马,宝马5系PHEV,https://p9-dcd.byteimg.com/img/tos-cn-i-dcdx/8521fc33fb8d466b877428ce30a763db~tplv-resize:640:0.png,112,"[0, 0]",华晨宝马,437,中大型车,插电式混合动力,2022.08,3年或10万公里
宝骏,宝骏KiWi EV,https://p3-dcd.byteimg.com/img/motor-mis-img/efdc6c8ac11f8f256a1a69c114935b01~tplv-resize:640:0.png,106,"[8.78, 10.28]",上汽通用五菱,438,微型车,纯电动,2022.09,3年或6万公里
魏牌,摩卡DHT-PHEV,https://p9-dcd.byteimg.com/img/tos-cn-i-dcdx/cd89d1fdd41e40d49d633e182ad7e81c~tplv-resize:640:0.png,102,"[21.18, 21.18]",长城汽车,439,中型SUV,插电式混合动力,2023.06,5年或15万公里
江铃集团新能源,易至EV3,https://p3-dcd.byteimg.com/img/tos-cn-i-dcdx/85b368807a6e4a4384b8b605eebe55bf~tplv-resize:640:0.png,101,"[5.28, 8.28]",江铃集团新能源,440,微型车,纯电动,2023.10,3年或6万公里
江淮汽车,江淮X8 PLUS,https://p3-dcd.byteimg.com/img/tos-cn-i-dcdx/cf84c6dcdafb46cbbde7cd49e3cd70df~tplv-resize:640:0.png,100,"[9.68, 17.98]",江汽集团,441,中型SUV,汽油,2023.10,3年或10万公里
大众,ID.6 X,https://p3-dcd.byteimg.com/img/motor-mis-img/bc5400d7759589d05ac39a0f52362327~tplv-resize:640:0.png,100,"[19.59, 26.54]",上汽大众,442,中大型SUV,纯电动,2023.04,3年或10万公里
凌宝汽车,凌宝Uni,https://p3-dcd.byteimg.com/img/motor-mis-img/f0549e706e22b4bef069b9e470c55ff3~tplv-resize:640:0.png,100,"[2.98, 4.18]",吉麦新能源,443,微型车,纯电动,2023.03,3年或10万公里
凯迪拉克,凯迪拉克GT4,https://p3-dcd.byteimg.com/img/tos-cn-i-dcdx/6db297a9abf54fcb86895a89462201a4~tplv-resize:640:0.png,99,"[18.97, 27.47]",上汽通用凯迪拉克,444,紧凑型SUV,48V轻混系统,2023.05,3年不限公里
捷豹,捷豹E-PACE,https://p3-dcd.byteimg.com/img/tos-cn-i-dcdx/1e15311a8df14f7b9e95bdbc308c9eb1~tplv-resize:640:0.png,94,"[18.47, 22.97]",奇瑞捷豹路虎,445,紧凑型SUV,48V轻混系统,2023.08,3年或10万公里
坦克,坦克500,https://p9-dcd.byteimg.com/img/tos-cn-i-dcdx/5000e8f30e924e12a70153d236ad1d89~tplv-resize:640:0.png,91,"[33.5, 39.5]",长城汽车,446,中大型SUV,48V轻混系统,2023.03,5年或15万公里
名爵,MG6,https://p9-dcd.byteimg.com/img/tos-cn-i-dcdx/394b1cd9e0fd48bd983858c13464536c~tplv-resize:640:0.png,89,"[8.98, 11.38]",上汽集团,447,紧凑型车,汽油,2023.04,3年或10万公里
江淮汽车,江淮QX PHEV,https://p9-dcd.byteimg.com/img/tos-cn-i-dcdx/5901534bebac4251a0136474f5411173~tplv-resize:640:0.png,88,"[12.99, 19.69]",江汽集团,448,紧凑型SUV,插电式混合动力,2023.09,3年或10万公里
腾势,腾势N8 DM,https://p9-dcd.byteimg.com/img/tos-cn-i-dcdx/ec78984f21fa4cca973f9ce89320d770~tplv-resize:640:0.png,85,"[31.18, 31.88]",腾势汽车,449,中大型SUV,插电式混合动力,2023.08,6年或15万公里
大众,途安L,https://p3-dcd.byteimg.com/img/motor-mis-img/20f107b28a94a16705865e9b91e79819~tplv-resize:640:0.png,84,"[12.68, 15.58]",上汽大众,450,紧凑型MPV,汽油,2023.10,3年或10万公里
上汽大通MAXUS,大家9,https://p3-dcd.byteimg.com/img/motor-mis-img/149f3cd713fb650b0414ba133fad555a~tplv-resize:640:0.png,84,"[25.39, 40.39]",上汽大通,451,中大型MPV,纯电动,2023.06,3年或10万公里
合创汽车,合创A06,https://p3-dcd.byteimg.com/img/tos-cn-i-dcdx/6ed97fb37fb446c2bfc1ed3f142f8015~tplv-resize:640:0.png,82,"[13.18, 26.48]",合创汽车,452,中型车,纯电动,2023.11,4年或15万公里
起亚,嘉华,https://p9-dcd.byteimg.com/img/motor-mis-img/c6ac1024c4633112f738ffc8fc41b52c~tplv-resize:640:0.png,77,"[28.89, 33.99]",起亚,453,中大型MPV,汽油,2021.09,5年或10万公里
启辰,启辰星,https://p9-dcd.byteimg.com/img/tos-cn-i-dcdx/b0b6cc8b5a444a168d223471447a26dc~tplv-resize:640:0.png,75,"[11.66, 13.96]",东风日产,454,紧凑型SUV,汽油,2022.11,3年或10万公里
奔腾,奔腾T55,https://p9-dcd.byteimg.com/img/motor-mis-img/5eb9a1106aaeba38383586d41c10fd06~tplv-resize:640:0.png,74,"[7.09, 8.99]",一汽奔腾,455,紧凑型SUV,汽油,2023.04,3年或10万公里
欧拉,欧拉芭蕾猫,https://p3-dcd.byteimg.com/img/motor-mis-img/0bedfedf47aa941755f9ae70f4b0233b~tplv-resize:640:0.png,74,"[14.98, 17.98]",长城汽车,456,紧凑型车,纯电动,2023.04,4年或15万公里
Polestar极星,Polestar 4,https://p9-dcd.byteimg.com/img/tos-cn-i-dcdx/986fd027248b4db8929ffb4df7743387~tplv-resize:640:0.png,74,"[29.99, 39.99]",Polestar,457,中型SUV,纯电动,2023.11,3年不限公里
标致,标致5008,https://p3-dcd.byteimg.com/img/motor-mis-img/1c52368ba37e8b4015e2014021d98abd~tplv-resize:640:0.png,70,"[17.87, 23.37]",东风标致,461,中型SUV,汽油,2022.11,5年或15万公里
荣威,荣威Ei5,https://p9-dcd.byteimg.com/img/motor-mis-img/f44c223bbfe4ddf0d92ef89139ae89bd~tplv-resize:640:0.png,70,"[14.48, 15.88]",上汽集团,462,紧凑型车,纯电动,2021.03,3年或10万公里
别克,昂扬,https://p3-dcd.byteimg.com/img/tos-cn-i-dcdx/83dfea1c6d9a4ca6a1d324a8c13ae3e6~tplv-resize:640:0.png,68,"[13.29, 15.89]",上汽通用别克,463,紧凑型SUV,汽油,2022.09,3年或10万公里
起亚,起亚K5,https://p9-dcd.byteimg.com/img/motor-mis-img/b9d80160c481012488835c2bfca2444c~tplv-resize:640:0.png,67,"[14.58, 18.98]",起亚,464,中型车,汽油,2021.08,可选:[3年或15万公里] [5年或10万公里] [7年或7万公里]
雪佛兰,雪佛兰畅巡,https://p3-dcd.byteimg.com/img/motor-mis-img/017ffe70e741c3fe352de81cc84795ce~tplv-resize:640:0.png,67,"[11.79, 13.29]",上汽通用雪佛兰,465,紧凑型车,纯电动,2023.06,3年或10万公里
ARCFOX极狐,极狐 阿尔法T5,https://p3-dcd.byteimg.com/img/tos-cn-i-dcdx/67e354e4850c48c4bd343e14d2fac9c5~tplv-resize:640:0.png,65,"[13.08, 17.48]",北汽新能源,466,中型SUV,纯电动,2023.12,5年或12万公里
蔚来,蔚来ES7,https://p9-dcd.byteimg.com/img/tos-cn-i-dcdx/03f85ad23b75470aa2c6b8fc43fc8c11~tplv-resize:640:0.png,64,"[43.8, 51.8]",蔚来,467,中大型SUV,纯电动,2024.02,3年或12万公里
现代,索纳塔,https://p3-dcd.byteimg.com/img/tos-cn-i-dcdx/9d6d54839e6846ef9a26c1c66cc68d61~tplv-resize:640:0.png,64,"[15.18, 20.58]",北京现代,468,中型车,汽油,2022.07,5年或10万公里
哈弗,哈弗赤兔,https://p3-dcd.byteimg.com/img/motor-mis-img/e7839b650abba0c7b787aa48aa248b4f~tplv-resize:640:0.png,62,"[7.78, 12.38]",长城汽车,469,紧凑型SUV,汽油,2023.04,3年或10万公里
现代,菲斯塔,https://p3-dcd.byteimg.com/img/motor-mis-img/59c714d0afdd6fbe61a5108d3c29327f~tplv-resize:640:0.png,62,"[13.18, 14.78]",北京现代,470,紧凑型车,汽油,2022.11,3年或10万公里
长安,长安UNI-K 智电iDD,https://p9-dcd.byteimg.com/img/tos-cn-i-dcdx/f7960d1c00c644449d528cf7b5d922ec~tplv-resize:640:0.png,62,"[17.29, 20.09]",长安汽车,471,中型SUV,插电式混合动力,2024.01,3年或12万公里
本田,凌派,https://p9-dcd.byteimg.com/img/motor-mis-img/0177f23b0d8ce46f98fdd1a0c442f875~tplv-resize:640:0.png,61,"[9.98, 14.98]",广汽本田,472,紧凑型车,汽油,2023.05,3年或10万公里
红旗,红旗HQ9,https://p9-dcd.byteimg.com/img/motor-mis-img/b690e5fd5c48d8da3726a893a2d296cf~tplv-resize:640:0.png,61,"[35.88, 53.88]",一汽红旗,473,中大型MPV,48V轻混系统,2022.09,4年或10万公里
比亚迪,宋MAX DM-i,https://p3-dcd.byteimg.com/img/motor-mis-img/7ec97e2a0cd2675c197335c8319f94b1~tplv-resize:640:0.png,61,"[13, 16.48]",比亚迪,474,紧凑型MPV,插电式混合动力,2022.03,6年或15万公里
凯迪拉克,IQ锐歌,https://p3-dcd.byteimg.com/img/tos-cn-i-dcdx/5b605a25ad8a418bb3cdadd026658e20~tplv-resize:640:0.png,60,"[29.77, 41.97]",上汽通用凯迪拉克,475,中大型SUV,纯电动,2023.11,2年或5万公里
星途,星途追风 C-DM,https://p9-dcd.byteimg.com/img/tos-cn-i-dcdx/706fe3524bd448329cfccb226e168c57~tplv-resize:640:0.png,60,"[12.98, 14.98]",星途,476,紧凑型SUV,插电式混合动力,2024.01,3年或10万公里
比亚迪,比亚迪D1,https://p3-dcd.byteimg.com/img/motor-mis-img/16a73f90c37db0a802139dd3bcb55a8b~tplv-resize:640:0.png,60,"[16.08, 16.98]",比亚迪,477,紧凑型MPV,纯电动,2023.06,6年或15万公里
奔腾,奔腾T99,https://p3-dcd.byteimg.com/img/tos-cn-i-dcdx/c824422f6b304aa381f609de73f94fc3~tplv-resize:640:0.png,58,"[11.49, 16.69]",一汽奔腾,478,中大型SUV,汽油,2022.12,3年或10万公里
本田,皓影 PHEV,https://p3-dcd.byteimg.com/img/tos-cn-i-dcdx/fede19012b59405dbaf2cb12c3700cc0~tplv-resize:640:0.png,53,"[20.59, 24.99]",广汽本田,479,紧凑型SUV,插电式混合动力,2023.06,3年或10万公里
本田,英仕派 PHEV,https://p9-dcd.byteimg.com/img/tos-cn-i-dcdx/2bf120cedd91403a856299dadaaa5cb8~tplv-resize:640:0.png,52,"[21.48, 24.38]",东风本田,480,中型车,插电式混合动力,2023.07,3年或10万公里
奥迪,奥迪e-tron,https://p3-dcd.byteimg.com/img/motor-mis-img/e8587b667f120eb9f0f98d11371b8b74~tplv-resize:640:0.png,50,"[30.62, 36.33]",一汽-大众奥迪,481,中大型SUV,纯电动,2021.04,3年或10万公里
上汽大通MAXUS,大通G90,https://p3-dcd.byteimg.com/img/motor-mis-img/a1ee687418329152e9c1b720e140a392~tplv-resize:640:0.png,49,"[18.99, 31.99]",上汽大通,482,中大型MPV,汽油,2023.11,3年或10万公里
启辰,启辰D60,https://p9-dcd.byteimg.com/img/tos-cn-i-dcdx/19edcae930eb41e6995bb85e5ae1dea3~tplv-resize:640:0.png,41,"[7.88, 8.98]",东风日产,491,紧凑型车,汽油,2023.02,3年或10万公里
雪佛兰,星迈罗,https://p9-dcd.byteimg.com/img/tos-cn-i-dcdx/8872eb50f9e04be1b5b3314e99ffbca7~tplv-resize:640:0.png,40,"[8.69, 11.19]",上汽通用雪佛兰,492,紧凑型SUV,汽油,2023.07,3年或10万公里
马自达,马自达CX-30,https://p3-dcd.byteimg.com/img/motor-mis-img/f52705ca1c53816aaa856c1a1ae056df~tplv-resize:640:0.png,38,"[11.99, 18.99]",长安马自达,493,小型SUV,汽油,2022.08,3年或10万公里
英菲尼迪,英菲尼迪QX60,https://p9-dcd.byteimg.com/img/motor-mis-img/7a627875ede9d3e13c79a4c4218a2d4a~tplv-resize:640:0.png,38,"[31.88, 43.88]",东风英菲尼迪,494,中大型SUV,汽油,2023.11,4年或10万公里
福特,途睿欧,https://p3-dcd.byteimg.com/img/tos-cn-i-dcdx/14c65fe6c78648d98181e94d165541f1~tplv-resize:640:0.png,36,"[21.46, 26]",江铃福特,495,中型MPV,汽油,2024.03,3年或6万公里
领克,领克09,https://p9-dcd.byteimg.com/img/motor-mis-img/1a06bf130547fd74fa56c6a455d8dd7d~tplv-resize:640:0.png,35,"[22.79, 24.79]",领克,496,中大型SUV,48V轻混系统,2021.10,5年或10万公里
ARCFOX极狐,极狐考拉,https://p9-dcd.byteimg.com/img/tos-cn-i-dcdx/2ae812bccf4746899d8d2ed99bbd9573~tplv-resize:640:0.png,34,"[11.48, 16.48]",北汽新能源,497,紧凑型MPV,纯电动,2024.02,5年或12万公里
本田,e:NP1 极湃1,https://p9-dcd.byteimg.com/img/tos-cn-i-dcdx/8f1fca2269d94ce289be76e6a2da2dd8~tplv-resize:640:0.png,33,"[12.5, 16.8]",广汽本田,498,小型SUV,纯电动,2022.06,3年或12万公里
福特,撼路者,https://p9-dcd.byteimg.com/img/motor-mis-img/b4919cc5ceb667da3f85cb603bde169d~tplv-resize:640:0.png,30,"[27.08, 36.98]",江铃福特,499,中型SUV,汽油,2020.07,3年或10万公里
沃尔沃,沃尔沃XC40 RECHARGE,https://p3-dcd.byteimg.com/img/motor-mis-img/31d2b6da640b935204b7bfc42e4206a2~tplv-resize:640:0.png,27,"[27.99, 32.2]",沃尔沃亚太,500,紧凑型SUV,纯电动,2023.10,3年不限公里
现代,胜达,https://p9-dcd.byteimg.com/img/tos-cn-i-dcdx/93ce5f6174c449f099444ed9b1536bc1~tplv-resize:640:0.png,27,"[16.58, 23.28]",北京现代,501,中型SUV,汽油,2022.09,5年/10万公里或7年/7万公里或3年/15万公里
凯翼,轩度,https://p9-dcd.byteimg.com/img/motor-mis-img/fad7c3cbf79e7f38ea95446b78b262c3~tplv-resize:640:0.png,26,"[7.98, 9.39]",凯翼汽车,502,紧凑型车,汽油,2023.06,3年或10万公里
雪佛兰,创酷,https://p3-dcd.byteimg.com/img/motor-mis-img/7f32d8c6bf3899a4d61b5059c5717c70~tplv-resize:640:0.png,24,"[6.59, 8.49]",上汽通用雪佛兰,503,小型SUV,汽油,2023.07,3年或10万公里
英菲尼迪,英菲尼迪QX50,https://p3-dcd.byteimg.com/img/motor-mis-img/6538990a28bbef23dac96e53c83ddce2~tplv-resize:640:0.png,24,"[23.38, 36.98]",东风英菲尼迪,504,中型SUV,汽油,2023.11,4年或10万公里
埃安,AION LX,https://p9-dcd.byteimg.com/img/motor-mis-img/dbf23140365cfdd6d48480c3fd5bbe46~tplv-resize:640:0.png,24,"[23.66, 41.96]",广汽埃安新能源,505,中型SUV,纯电动,2022.01,4年或15万公里
长安,长安CS95,https://p9-dcd.byteimg.com/img/tos-cn-i-dcdx/c8c2f3936912439c9a470b5aaa1ee7e1~tplv-resize:640:0.png,23,"[16.79, 19.19]",长安汽车,506,中大型SUV,汽油,2023.02,3年或10万公里
奇瑞新能源,艾瑞泽e,https://p3-dcd.byteimg.com/img/motor-mis-img/801fac00fa4a0818fc25e1fc20372dda~tplv-resize:640:0.png,21,"[15.28, 15.78]",奇瑞新能源,507,紧凑型车,纯电动,2023.08,1年或10万公里
奔腾,奔腾B70S,https://p9-dcd.byteimg.com/img/motor-mis-img/6c5efbe832eebd5cac8292af76a42d83~tplv-resize:640:0.png,21,"[10.49, 14.29]",一汽奔腾,508,紧凑型SUV,汽油,2022.11,3年或10万公里
北汽制造,212,https://p3-dcd.byteimg.com/img/motor-mis-img/67c16da18ac7c40273f8f3bda591f283~tplv-resize:640:0.png,20,"[9.99, 10.59]",北京汽车制造厂,509,小型SUV,汽油,2023.09,3年或6万公里
高合,高合HiPhi Y,https://p9-dcd.byteimg.com/img/tos-cn-i-dcdx/02a6f8405b524d1a93e0369ea420f578~tplv-resize:640:0.png,20,"[33.9, 45.9]",华人运通,510,中大型SUV,纯电动,2023.07,5年或15万公里
北汽制造,家宝,https://p3-dcd.byteimg.com/img/tos-cn-i-dcdx/256820b920584246bf5b90be9d840797~tplv-resize:640:0.png,20,"[3.98, 5.69]",北京汽车制造厂,511,微型车,纯电动,2023.06,3年或10万公里
睿蓝汽车,睿蓝9,https://p3-dcd.byteimg.com/img/tos-cn-i-dcdx/7575b7c9d59f478391ec644c2ae07201~tplv-resize:640:0.png,19,"[15.99, 19.79]",睿蓝汽车,512,中型SUV,纯电动,2022.12,4年或15万公里
北京,北京BJ80,https://p9-dcd.byteimg.com/img/motor-mis-img/4f52b32a408cd7fd40a897d72970964f~tplv-resize:640:0.png,17,"[29.8, 39.8]",北京汽车,513,中大型SUV,汽油,2023.12,3年或10万公里
宝马,宝马i5,https://p3-dcd.byteimg.com/img/tos-cn-i-dcdx/f52b9049fb314405b061280a24dd510f~tplv-resize:640:0.png,16,"[41.99, 44.59]",华晨宝马,514,中大型车,纯电动,2024.01,3年或10万公里
长安凯程,长安之星9 EV,https://p3-dcd.byteimg.com/img/motor-mis-img/628f41aac12211548f30b7868b5ce3ab~tplv-resize:640:0.png,16,"[12.78, 16.39]",长安轻型车,515,微面,纯电动,2023.04,3年或6万公里
奔腾,奔腾M9,https://p3-dcd.byteimg.com/img/tos-cn-i-dcdx/87923bd1a148439abd86c047bdd7dc6d~tplv-resize:640:0.png,16,"[21.28, 24.98]",一汽奔腾,516,中大型MPV,48V轻混系统,2023.10,3年或10万公里
东风风行,风行游艇,https://p9-dcd.byteimg.com/img/motor-mis-img/85a0e84f644c302002af793cd2b3584a~tplv-resize:640:0.png,15,"[11.49, 15.19]",东风风行,517,中型MPV,汽油,2023.10,8年或16万公里
别克,别克E4,https://p3-dcd.byteimg.com/img/tos-cn-i-dcdx/175bc28c8fc7468285a60c50af81f2e3~tplv-resize:640:0.png,14,"[15.99, 22.99]",上汽通用别克,518,中大型SUV,纯电动,2023.06,3年或10万公里
ARCFOX极狐,极狐 阿尔法S,https://p3-dcd.byteimg.com/img/tos-cn-i-dcdx/47d20dbda41240acab501a570c17381f~tplv-resize:640:0.png,13,"[18.48, 32.48]",北汽新能源,519,中大型车,纯电动,2023.06,3年或12万公里
东风风光,风光S560,https://p3-dcd.byteimg.com/img/motor-mis-img/ff3d4636305ad260c3cb9258efcca985~tplv-resize:640:0.png,12,"[6.19, 7.89]",东风小康,520,紧凑型SUV,汽油,2021.04,7年或15万公里
哈弗,哈弗神兽,https://p3-dcd.byteimg.com/img/tos-cn-i-dcdx/2b24862d74c248ca999345985785ab0c~tplv-resize:640:0.png,11,"[11.5, 15.2]",长城汽车,521,紧凑型SUV,汽油,2023.03,3年或10万公里
ARCFOX极狐,极狐 阿尔法T,https://p3-dcd.byteimg.com/img/tos-cn-i-dcdx/dd472c544e4543c2a73cff99e44f8bdc~tplv-resize:640:0.png,10,"[18.08, 27.58]",北汽新能源,522,中型SUV,纯电动,2023.06,3年或12万公里
沃尔沃,沃尔沃C40 RECHARGE,https://p9-dcd.byteimg.com/img/motor-mis-img/a33abe2401429de388c10fa422965b66~tplv-resize:640:0.png,10,"[28.9, 34.2]",沃尔沃亚太,523,紧凑型SUV,纯电动,2023.10,3年不限公里
沃尔沃,沃尔沃S60 RECHARGE,https://p3-dcd.byteimg.com/img/motor-mis-img/0e1a0647fc7451ffefef866f0bf05386~tplv-resize:640:0.png,10,"[33.29, 38.29]",沃尔沃亚太,524,中型车,插电式混合动力,2023.07,3年不限公里
高合,高合HiPhi Z,https://p3-dcd.byteimg.com/img/motor-mis-img/192162a7af84b3b059801c4d261ddeb7~tplv-resize:640:0.png,10,"[51, 63]",华人运通,525,中大型车,纯电动,2023.10,5年或15万公里
高合,高合HiPhi X,https://p3-dcd.byteimg.com/img/motor-mis-img/ffeed63a3d77e832e4010a065fbf156c~tplv-resize:640:0.png,10,"[57, 80]",华人运通,526,中大型SUV,纯电动,2022.03,5年或15万公里
丰田,威兰达高性能版,https://p3-dcd.byteimg.com/img/tos-cn-i-dcdx/fe0a534abd314543a5f1f803bab7597d~tplv-resize:640:0.png,9,"[26.18, 29.58]",广汽丰田,527,紧凑型SUV,插电式混合动力,2023.03,3年或10万公里
红旗,红旗LS7,https://p3-dcd.byteimg.com/img/motor-mis-img/0b094b3ada0704b3ef49fa69acb10d59~tplv-resize:640:0.png,8,"[136.58, 146.58]",一汽红旗,528,大型SUV,汽油,2022.08,4年或10万公里
思皓,花仙子,https://p9-dcd.byteimg.com/img/tos-cn-i-dcdx/7a7c73fd87fe459f9f75a1ebdcf7c74a~tplv-resize:640:0.png,7,"[5.99, 7.49]",江汽集团,529,微型车,纯电动,2022.11,3年或12万公里
魏牌,拿铁DHT-PHEV,https://p3-dcd.byteimg.com/img/motor-mis-img/725b1dc66ecb6ae5c9b4e9d4d0d7aed6~tplv-resize:640:0.png,6,"[19.4, 22.8]",长城汽车,530,紧凑型SUV,插电式混合动力,2022.07,5年或15万公里
北汽制造,勇士,https://p3-dcd.byteimg.com/img/motor-mis-img/dcf664514941d152d7c6466649b34f29~tplv-resize:640:0.png,4,"[10.68, 14.88]",北京汽车制造厂,531,紧凑型SUV,汽油,2021.05,3年或6万公里
丰田,广汽丰田bZ4X,https://p3-dcd.byteimg.com/img/motor-mis-img/0534600885eae10c8086cc8cee5d19fb~tplv-resize:640:0.png,4,"[16.98, 25.78]",广汽丰田,532,中型SUV,纯电动,2022.10,3年或10万公里
DS,DS 9,https://p3-dcd.byteimg.com/img/motor-mis-img/fc67d704cb45ca837dc5130b5cc62498~tplv-resize:640:0.png,4,"[27.49, 34.99]",DS汽车,533,中型车,汽油,2023.10,3年或10万公里
领克,领克01,https://p9-dcd.byteimg.com/img/tos-cn-i-dcdx/fa45361082f04f169c6b89529303210c~tplv-resize:640:0.png,3,"[14.98, 19.08]",领克,534,紧凑型SUV,油电混合,2022.07,4年或10万公里
海马,海马7X-E,https://p3-dcd.byteimg.com/img/motor-mis-img/83764d01c17f4ed726bfa1c8da24270c~tplv-resize:640:0.png,3,"[21.98, 25.98]",一汽海马,535,紧凑型MPV,纯电动,2022.09,5年或10万公里
丰田,RAV4荣放双擎E+,https://p3-dcd.byteimg.com/img/motor-mis-img/4fcf011be1ed190903989d9a4c87225d~tplv-resize:640:0.png,2,"[24.88, 29.68]",一汽丰田,536,紧凑型SUV,插电式混合动力,2023.04,3年或10万公里
标致,标致2008,https://p9-dcd.byteimg.com/img/motor-mis-img/6b4e64ab6004f080dee3bd0eb61b322a~tplv-resize:640:0.png,1,"[9.97, 9.97]",东风标致,537,小型SUV,汽油,2021.10,3年或10万公里
新龙马汽车,新龙马汽车启腾M70,https://p9-dcd.byteimg.com/img/motor-mis-img/a1bbe4ab1ea3baa5b35e042c79ff6532~tplv-resize:640:0.png,1,"[4.68, 6.05]",新龙马汽车,538,微面,汽油,2021.04,3年或6万公里
荣威,荣威D7 DMH,https://p9-dcd.byteimg.com/img/tos-cn-i-dcdx/fde7c9bf8c4d47d2911c150aa53fc207~tplv-resize:640:0.png,1,"[10.98, 13.28]",上汽集团,539,中型车,插电式混合动力,2023.11,6年或15万公里
奔腾,奔腾E01,https://p3-dcd.byteimg.com/img/motor-mis-img/3775b0fd779b392934bda5da3e46864d~tplv-resize:640:0.png,1,"[19.68, 22.88]",一汽奔腾,540,中型SUV,纯电动,2020.09,不限年限/里程(责任免除条款以官方为准)
